arch,cpu-clock,isa,l1d_assoc,l1d_cache_lines,l1d_shared_by_threads,l1d_size,l2_assoc,l2_cache_lines,l2_shared_by_threads,l2_size,l3_assoc,l3_cache_lines,l3_shared_by_threads,l3_size,mem-size,mem-type,mem_clock,num-cpus,PS,num-cpu,bus_speed,runtime,power
cep002,3.168,X86_64,8,64,1,32,4,64,1,256,16,64,6,12288,16,DDR4,2666,1,100,6,4096,958.0853,25.77474052
cep002,3.168,X86_64,8,64,1,32,4,64,1,256,16,64,6,12288,16,DDR4,2666,10,100,6,4096,2034.8911,42.10903473
cep002,3.168,X86_64,8,64,1,32,4,64,1,256,16,64,6,12288,16,DDR4,2666,11,100,6,4096,3965.8928,47.19350962
cep002,3.168,X86_64,8,64,1,32,4,64,1,256,16,64,6,12288,16,DDR4,2666,12,100,6,4096,3467.8764,41.90599181
cep002,3.168,X86_64,8,64,1,32,4,64,1,256,16,64,6,12288,16,DDR4,2666,2,100,6,4096,547.6646,22.8798794
cep002,3.168,X86_64,8,64,1,32,4,64,1,256,16,64,6,12288,16,DDR4,2666,3,100,6,4096,480.93800000000005,34.91260828
cep002,3.168,X86_64,8,64,1,32,4,64,1,256,16,64,6,12288,16,DDR4,2666,4,100,6,4096,398.3542,42.88545219
cep002,3.168,X86_64,8,64,1,32,4,64,1,256,16,64,6,12288,16,DDR4,2666,5,100,6,4096,419.1416,23.08074407
cep002,3.168,X86_64,8,64,1,32,4,64,1,256,16,64,6,12288,16,DDR4,2666,6,100,6,4096,429.7583,38.92769494
cep002,3.168,X86_64,8,64,1,32,4,64,1,256,16,64,6,12288,16,DDR4,2666,7,100,6,4096,716.5498,44.14808294
cep002,3.168,X86_64,8,64,1,32,4,64,1,256,16,64,6,12288,16,DDR4,2666,8,100,6,4096,681.42,38.10307886
cep002,3.168,X86_64,8,64,1,32,4,64,1,256,16,64,6,12288,16,DDR4,2666,9,100,6,4096,786.4968,42.90710401
cep002,3.168,X86_64,8,64,1,32,4,64,1,256,16,64,6,12288,16,DDR4,2666,1,150,6,4096,3200.0573,31.48781117
cep002,3.168,X86_64,8,64,1,32,4,64,1,256,16,64,6,12288,16,DDR4,2666,10,150,6,4096,3072.0146,58.42820539
cep002,3.168,X86_64,8,64,1,32,4,64,1,256,16,64,6,12288,16,DDR4,2666,11,150,6,4096,3670.8731,58.98553126
cep002,3.168,X86_64,8,64,1,32,4,64,1,256,16,64,6,12288,16,DDR4,2666,12,150,6,4096,4114.402,55.44256492
cep002,3.168,X86_64,8,64,1,32,4,64,1,256,16,64,6,12288,16,DDR4,2666,2,150,6,4096,1731.3598,42.624127
cep002,3.168,X86_64,8,64,1,32,4,64,1,256,16,64,6,12288,16,DDR4,2666,3,150,6,4096,1199.3883,34.13073147
cep002,3.168,X86_64,8,64,1,32,4,64,1,256,16,64,6,12288,16,DDR4,2666,4,150,6,4096,1126.2756,53.98057101
cep002,3.168,X86_64,8,64,1,32,4,64,1,256,16,64,6,12288,16,DDR4,2666,5,150,6,4096,965.04,46.56781066
cep002,3.168,X86_64,8,64,1,32,4,64,1,256,16,64,6,12288,16,DDR4,2666,6,150,6,4096,1005.2128,50.4021636
cep002,3.168,X86_64,8,64,1,32,4,64,1,256,16,64,6,12288,16,DDR4,2666,7,150,6,4096,1148.7851,63.03354735
cep002,3.168,X86_64,8,64,1,32,4,64,1,256,16,64,6,12288,16,DDR4,2666,8,150,6,4096,1270.4952,47.77121551
cep002,3.168,X86_64,8,64,1,32,4,64,1,256,16,64,6,12288,16,DDR4,2666,9,150,6,4096,2589.4117,49.48969683
cep002,3.168,X86_64,8,64,1,32,4,64,1,256,16,64,6,12288,16,DDR4,2666,1,200,6,4096,8021.1848,26.76401372
cep002,3.168,X86_64,8,64,1,32,4,64,1,256,16,64,6,12288,16,DDR4,2666,10,200,6,4096,3282.1974,66.45962245
cep002,3.168,X86_64,8,64,1,32,4,64,1,256,16,64,6,12288,16,DDR4,2666,11,200,6,4096,3092.34,66.44437546
cep002,3.168,X86_64,8,64,1,32,4,64,1,256,16,64,6,12288,16,DDR4,2666,12,200,6,4096,6728.895,61.71280723
cep002,3.168,X86_64,8,64,1,32,4,64,1,256,16,64,6,12288,16,DDR4,2666,2,200,6,4096,3994.663,47.23104302
cep002,3.168,X86_64,8,64,1,32,4,64,1,256,16,64,6,12288,16,DDR4,2666,3,200,6,4096,2844.8721,49.49326193
cep002,3.168,X86_64,8,64,1,32,4,64,1,256,16,64,6,12288,16,DDR4,2666,4,200,6,4096,2698.0687,57.78062656
cep002,3.168,X86_64,8,64,1,32,4,64,1,256,16,64,6,12288,16,DDR4,2666,5,200,6,4096,2150.8353,57.84747907
cep002,3.168,X86_64,8,64,1,32,4,64,1,256,16,64,6,12288,16,DDR4,2666,6,200,6,4096,2392.0256,70.66425209
cep002,3.168,X86_64,8,64,1,32,4,64,1,256,16,64,6,12288,16,DDR4,2666,7,200,6,4096,2421.8722,63.56107478
cep002,3.168,X86_64,8,64,1,32,4,64,1,256,16,64,6,12288,16,DDR4,2666,8,200,6,4096,2903.1926,70.10485629
cep002,3.168,X86_64,8,64,1,32,4,64,1,256,16,64,6,12288,16,DDR4,2666,9,200,6,4096,2676.134,70.30556018
cep002,3.168,X86_64,8,64,1,32,4,64,1,256,16,64,6,12288,16,DDR4,2666,1,250,6,4096,14967.5888,29.15234416
cep002,3.168,X86_64,8,64,1,32,4,64,1,256,16,64,6,12288,16,DDR4,2666,10,250,6,4096,6049.7594,68.86249063
cep002,3.168,X86_64,8,64,1,32,4,64,1,256,16,64,6,12288,16,DDR4,2666,11,250,6,4096,7829.9506,69.54467886
cep002,3.168,X86_64,8,64,1,32,4,64,1,256,16,64,6,12288,16,DDR4,2666,12,250,6,4096,13414.575,64.08644329
cep002,3.168,X86_64,8,64,1,32,4,64,1,256,16,64,6,12288,16,DDR4,2666,2,250,6,4096,7650.0637,43.85320347
cep002,3.168,X86_64,8,64,1,32,4,64,1,256,16,64,6,12288,16,DDR4,2666,3,250,6,4096,5425.6885,53.37680186
cep002,3.168,X86_64,8,64,1,32,4,64,1,256,16,64,6,12288,16,DDR4,2666,4,250,6,4096,4326.130999999999,58.25960887
cep002,3.168,X86_64,8,64,1,32,4,64,1,256,16,64,6,12288,16,DDR4,2666,5,250,6,4096,4032.4349,72.0052294
cep002,3.168,X86_64,8,64,1,32,4,64,1,256,16,64,6,12288,16,DDR4,2666,6,250,6,4096,4340.2109,74.92336375
cep002,3.168,X86_64,8,64,1,32,4,64,1,256,16,64,6,12288,16,DDR4,2666,7,250,6,4096,4788.1255,79.3971879
cep002,3.168,X86_64,8,64,1,32,4,64,1,256,16,64,6,12288,16,DDR4,2666,8,250,6,4096,4319.460999999999,70.7728117
cep002,3.168,X86_64,8,64,1,32,4,64,1,256,16,64,6,12288,16,DDR4,2666,9,250,6,4096,4493.0583,72.24682573
cep002,3.168,X86_64,8,64,1,32,4,64,1,256,16,64,6,12288,16,DDR4,2666,1,300,6,4096,25838.5682,27.72788316
cep002,3.168,X86_64,8,64,1,32,4,64,1,256,16,64,6,12288,16,DDR4,2666,10,300,6,4096,7365.493,77.65488339
cep002,3.168,X86_64,8,64,1,32,4,64,1,256,16,64,6,12288,16,DDR4,2666,11,300,6,4096,10344.0776,74.14381733
cep002,3.168,X86_64,8,64,1,32,4,64,1,256,16,64,6,12288,16,DDR4,2666,12,300,6,4096,9415.0774,71.36741117
cep002,3.168,X86_64,8,64,1,32,4,64,1,256,16,64,6,12288,16,DDR4,2666,2,300,6,4096,13102.8644,45.00520512
cep002,3.168,X86_64,8,64,1,32,4,64,1,256,16,64,6,12288,16,DDR4,2666,3,300,6,4096,9347.6547,51.96798722
cep002,3.168,X86_64,8,64,1,32,4,64,1,256,16,64,6,12288,16,DDR4,2666,4,300,6,4096,7753.397,62.26162545
cep002,3.168,X86_64,8,64,1,32,4,64,1,256,16,64,6,12288,16,DDR4,2666,5,300,6,4096,6732.2133,71.73940849
cep002,3.168,X86_64,8,64,1,32,4,64,1,256,16,64,6,12288,16,DDR4,2666,6,300,6,4096,7584.7186,74.71512523
cep002,3.168,X86_64,8,64,1,32,4,64,1,256,16,64,6,12288,16,DDR4,2666,7,300,6,4096,7955.392,75.76654928
cep002,3.168,X86_64,8,64,1,32,4,64,1,256,16,64,6,12288,16,DDR4,2666,8,300,6,4096,7721.2824,75.10027091
cep002,3.168,X86_64,8,64,1,32,4,64,1,256,16,64,6,12288,16,DDR4,2666,9,300,6,4096,8551.7484,74.91226005
cep002,3.168,X86_64,8,64,1,32,4,64,1,256,16,64,6,12288,16,DDR4,2666,1,350,6,4096,40411.9033,25.87746962
cep002,3.168,X86_64,8,64,1,32,4,64,1,256,16,64,6,12288,16,DDR4,2666,10,350,6,4096,11410.6495,80.18254351
cep002,3.168,X86_64,8,64,1,32,4,64,1,256,16,64,6,12288,16,DDR4,2666,11,350,6,4096,11462.7922,76.14595857
cep002,3.168,X86_64,8,64,1,32,4,64,1,256,16,64,6,12288,16,DDR4,2666,12,350,6,4096,12978.0651,78.06517321
cep002,3.168,X86_64,8,64,1,32,4,64,1,256,16,64,6,12288,16,DDR4,2666,2,350,6,4096,20732.4369,43.92601335
cep002,3.168,X86_64,8,64,1,32,4,64,1,256,16,64,6,12288,16,DDR4,2666,3,350,6,4096,14536.1106,52.35902649
cep002,3.168,X86_64,8,64,1,32,4,64,1,256,16,64,6,12288,16,DDR4,2666,4,350,6,4096,12675.7876,62.20336952
cep002,3.168,X86_64,8,64,1,32,4,64,1,256,16,64,6,12288,16,DDR4,2666,5,350,6,4096,10886.3304,72.81890875
cep002,3.168,X86_64,8,64,1,32,4,64,1,256,16,64,6,12288,16,DDR4,2666,6,350,6,4096,11118.7708,77.30529889
cep002,3.168,X86_64,8,64,1,32,4,64,1,256,16,64,6,12288,16,DDR4,2666,7,350,6,4096,12387.5095,74.34186832
cep002,3.168,X86_64,8,64,1,32,4,64,1,256,16,64,6,12288,16,DDR4,2666,8,350,6,4096,12020.4222,78.83312119
cep002,3.168,X86_64,8,64,1,32,4,64,1,256,16,64,6,12288,16,DDR4,2666,9,350,6,4096,11572.2425,78.7992215
cep002,3.168,X86_64,8,64,1,32,4,64,1,256,16,64,6,12288,16,DDR4,2666,1,400,6,4096,62294.106,26.70780764
cep002,3.168,X86_64,8,64,1,32,4,64,1,256,16,64,6,12288,16,DDR4,2666,10,400,6,4096,17168.1674,82.48553075
cep002,3.168,X86_64,8,64,1,32,4,64,1,256,16,64,6,12288,16,DDR4,2666,11,400,6,4096,19569.678,80.08836425
cep002,3.168,X86_64,8,64,1,32,4,64,1,256,16,64,6,12288,16,DDR4,2666,12,400,6,4096,23900.0098,76.73239113
cep002,3.168,X86_64,8,64,1,32,4,64,1,256,16,64,6,12288,16,DDR4,2666,2,400,6,4096,31987.0417,42.17844878
cep002,3.168,X86_64,8,64,1,32,4,64,1,256,16,64,6,12288,16,DDR4,2666,3,400,6,4096,22396.9152,53.68562989
cep002,3.168,X86_64,8,64,1,32,4,64,1,256,16,64,6,12288,16,DDR4,2666,4,400,6,4096,18130.558999999997,66.30645531
cep002,3.168,X86_64,8,64,1,32,4,64,1,256,16,64,6,12288,16,DDR4,2666,5,400,6,4096,14463.3594,76.42012961
cep002,3.168,X86_64,8,64,1,32,4,64,1,256,16,64,6,12288,16,DDR4,2666,6,400,6,4096,17362.7057,77.40905267
cep002,3.168,X86_64,8,64,1,32,4,64,1,256,16,64,6,12288,16,DDR4,2666,7,400,6,4096,19245.7723,81.88594749
cep002,3.168,X86_64,8,64,1,32,4,64,1,256,16,64,6,12288,16,DDR4,2666,8,400,6,4096,17927.2664,79.7057548
cep002,3.168,X86_64,8,64,1,32,4,64,1,256,16,64,6,12288,16,DDR4,2666,9,400,6,4096,17989.2747,79.93078787
cep002,3.168,X86_64,8,64,1,32,4,64,1,256,16,64,6,12288,16,DDR4,2666,1,450,6,4096,84817.9933,30.4597244
cep002,3.168,X86_64,8,64,1,32,4,64,1,256,16,64,6,12288,16,DDR4,2666,10,450,6,4096,23448.6607,83.41418408
cep002,3.168,X86_64,8,64,1,32,4,64,1,256,16,64,6,12288,16,DDR4,2666,11,450,6,4096,23416.5459,83.37637021
cep002,3.168,X86_64,8,64,1,32,4,64,1,256,16,64,6,12288,16,DDR4,2666,12,450,6,4096,24872.4915,81.11856426
cep002,3.168,X86_64,8,64,1,32,4,64,1,256,16,64,6,12288,16,DDR4,2666,2,450,6,4096,44161.6551,40.727551899999995
cep002,3.168,X86_64,8,64,1,32,4,64,1,256,16,64,6,12288,16,DDR4,2666,3,450,6,4096,30166.7625,53.48463893
cep002,3.168,X86_64,8,64,1,32,4,64,1,256,16,64,6,12288,16,DDR4,2666,4,450,6,4096,24767.7001,64.68774628
cep002,3.168,X86_64,8,64,1,32,4,64,1,256,16,64,6,12288,16,DDR4,2666,5,450,6,4096,22526.1577,77.20978088
cep002,3.168,X86_64,8,64,1,32,4,64,1,256,16,64,6,12288,16,DDR4,2666,6,450,6,4096,21973.384,79.91347623
cep002,3.168,X86_64,8,64,1,32,4,64,1,256,16,64,6,12288,16,DDR4,2666,7,450,6,4096,26982.9999,77.47707474
cep002,3.168,X86_64,8,64,1,32,4,64,1,256,16,64,6,12288,16,DDR4,2666,8,450,6,4096,24622.7053,79.9936228
cep002,3.168,X86_64,8,64,1,32,4,64,1,256,16,64,6,12288,16,DDR4,2666,9,450,6,4096,23593.244,81.7691412
cep002,3.168,X86_64,8,64,1,32,4,64,1,256,16,64,6,12288,16,DDR4,2666,1,500,6,4096,119200.5037,27.51445085
cep002,3.168,X86_64,8,64,1,32,4,64,1,256,16,64,6,12288,16,DDR4,2666,10,500,6,4096,31368.1759,81.30230805
cep002,3.168,X86_64,8,64,1,32,4,64,1,256,16,64,6,12288,16,DDR4,2666,11,500,6,4096,30920.5007,81.84204145
cep002,3.168,X86_64,8,64,1,32,4,64,1,256,16,64,6,12288,16,DDR4,2666,12,500,6,4096,34718.8758,68.85752044
cep002,3.168,X86_64,8,64,1,32,4,64,1,256,16,64,6,12288,16,DDR4,2666,2,500,6,4096,61214.31,40.59902987
cep002,3.168,X86_64,8,64,1,32,4,64,1,256,16,64,6,12288,16,DDR4,2666,3,500,6,4096,41669.094,56.27147785
cep002,3.168,X86_64,8,64,1,32,4,64,1,256,16,64,6,12288,16,DDR4,2666,4,500,6,4096,32980.969,67.15354543
cep002,3.168,X86_64,8,64,1,32,4,64,1,256,16,64,6,12288,16,DDR4,2666,5,500,6,4096,28570.8477,78.43670666
cep002,3.168,X86_64,8,64,1,32,4,64,1,256,16,64,6,12288,16,DDR4,2666,6,500,6,4096,26095.5236,88.44997078
cep002,3.168,X86_64,8,64,1,32,4,64,1,256,16,64,6,12288,16,DDR4,2666,7,500,6,4096,35868.6076,75.72601452
cep002,3.168,X86_64,8,64,1,32,4,64,1,256,16,64,6,12288,16,DDR4,2666,8,500,6,4096,33897.4745,77.16642725
cep002,3.168,X86_64,8,64,1,32,4,64,1,256,16,64,6,12288,16,DDR4,2666,9,500,6,4096,32880.4169,78.29088384
cep002,3.168,X86_64,8,64,1,32,4,64,1,256,16,64,6,12288,16,DDR4,2666,1,50,6,4096,132.7484,45.4717345
cep002,3.168,X86_64,8,64,1,32,4,64,1,256,16,64,6,12288,16,DDR4,2666,10,50,6,4096,1615.7946,46.99848607
cep002,3.168,X86_64,8,64,1,32,4,64,1,256,16,64,6,12288,16,DDR4,2666,11,50,6,4096,1729.6738,49.85009312
cep002,3.168,X86_64,8,64,1,32,4,64,1,256,16,64,6,12288,16,DDR4,2666,12,50,6,4096,3857.4716,48.38863882
cep002,3.168,X86_64,8,64,1,32,4,64,1,256,16,64,6,12288,16,DDR4,2666,2,50,6,4096,141.2712,45.3652266
cep002,3.168,X86_64,8,64,1,32,4,64,1,256,16,64,6,12288,16,DDR4,2666,3,50,6,4096,215.7498,56.12658737
cep002,3.168,X86_64,8,64,1,32,4,64,1,256,16,64,6,12288,16,DDR4,2666,4,50,6,4096,143.6323,19.41972662
cep002,3.168,X86_64,8,64,1,32,4,64,1,256,16,64,6,12288,16,DDR4,2666,5,50,6,4096,167.6843,59.0383238
cep002,3.168,X86_64,8,64,1,32,4,64,1,256,16,64,6,12288,16,DDR4,2666,6,50,6,4096,389.9301,40.68139392
cep002,3.168,X86_64,8,64,1,32,4,64,1,256,16,64,6,12288,16,DDR4,2666,7,50,6,4096,173.6275,16.94374451
cep002,3.168,X86_64,8,64,1,32,4,64,1,256,16,64,6,12288,16,DDR4,2666,8,50,6,4096,303.3626,42.371736
cep002,3.168,X86_64,8,64,1,32,4,64,1,256,16,64,6,12288,16,DDR4,2666,9,50,6,4096,416.8691,52.12259676
desktop,3.2,X86_64,8,64,1,32,4,64,1,256,12,64,4,6144,4,DDR3,1600,1,100,4,4096,1807.1753,14.75252567
desktop,3.2,X86_64,8,64,1,32,4,64,1,256,12,64,4,6144,4,DDR3,1600,2,100,4,4096,979.72,11.61219532
desktop,3.2,X86_64,8,64,1,32,4,64,1,256,12,64,4,6144,4,DDR3,1600,3,100,4,4096,667.3515,14.51424025
desktop,3.2,X86_64,8,64,1,32,4,64,1,256,12,64,4,6144,4,DDR3,1600,4,100,4,4096,587.4275,14.296743
desktop,3.2,X86_64,8,64,1,32,4,64,1,256,12,64,4,6144,4,DDR3,1600,1,150,4,4096,5238.7273,14.86633977
desktop,3.2,X86_64,8,64,1,32,4,64,1,256,12,64,4,6144,4,DDR3,1600,2,150,4,4096,2883.3605,19.26300926
desktop,3.2,X86_64,8,64,1,32,4,64,1,256,12,64,4,6144,4,DDR3,1600,3,150,4,4096,1936.5439,24.152099
desktop,3.2,X86_64,8,64,1,32,4,64,1,256,12,64,4,6144,4,DDR3,1600,4,150,4,4096,1592.1946,29.59003881
desktop,3.2,X86_64,8,64,1,32,4,64,1,256,12,64,4,6144,4,DDR3,1600,1,200,4,4096,13292.5093,13.75349799
desktop,3.2,X86_64,8,64,1,32,4,64,1,256,12,64,4,6144,4,DDR3,1600,2,200,4,4096,6417.3335,22.74363643
desktop,3.2,X86_64,8,64,1,32,4,64,1,256,12,64,4,6144,4,DDR3,1600,3,200,4,4096,4454.2926,27.3351598
desktop,3.2,X86_64,8,64,1,32,4,64,1,256,12,64,4,6144,4,DDR3,1600,4,200,4,4096,3676.8438,33.62470823
desktop,3.2,X86_64,8,64,1,32,4,64,1,256,12,64,4,6144,4,DDR3,1600,1,250,4,4096,24645.8806,16.58303903
desktop,3.2,X86_64,8,64,1,32,4,64,1,256,12,64,4,6144,4,DDR3,1600,2,250,4,4096,13810.8718,20.59639711
desktop,3.2,X86_64,8,64,1,32,4,64,1,256,12,64,4,6144,4,DDR3,1600,3,250,4,4096,8356.1481,30.162043199999996
desktop,3.2,X86_64,8,64,1,32,4,64,1,256,12,64,4,6144,4,DDR3,1600,4,250,4,4096,6709.7348,34.77599443
desktop,3.2,X86_64,8,64,1,32,4,64,1,256,12,64,4,6144,4,DDR3,1600,1,300,4,4096,40849.1541,16.17800942
desktop,3.2,X86_64,8,64,1,32,4,64,1,256,12,64,4,6144,4,DDR3,1600,2,300,4,4096,21871.1893,24.96249712
desktop,3.2,X86_64,8,64,1,32,4,64,1,256,12,64,4,6144,4,DDR3,1600,3,300,4,4096,14274.2809,30.08129117
desktop,3.2,X86_64,8,64,1,32,4,64,1,256,12,64,4,6144,4,DDR3,1600,4,300,4,4096,11921.3765,36.99878953
desktop,3.2,X86_64,8,64,1,32,4,64,1,256,12,64,4,6144,4,DDR3,1600,1,350,4,4096,63132.1857,16.21934658
desktop,3.2,X86_64,8,64,1,32,4,64,1,256,12,64,4,6144,4,DDR3,1600,2,350,4,4096,34137.498999999996,25.12010619
desktop,3.2,X86_64,8,64,1,32,4,64,1,256,12,64,4,6144,4,DDR3,1600,3,350,4,4096,22978.7961,31.25838259
desktop,3.2,X86_64,8,64,1,32,4,64,1,256,12,64,4,6144,4,DDR3,1600,4,350,4,4096,17706.2269,37.91880697
desktop,3.2,X86_64,8,64,1,32,4,64,1,256,12,64,4,6144,4,DDR3,1600,1,400,4,4096,95356.4634,16.79259007
desktop,3.2,X86_64,8,64,1,32,4,64,1,256,12,64,4,6144,4,DDR3,1600,2,400,4,4096,50282.9185,26.0661282
desktop,3.2,X86_64,8,64,1,32,4,64,1,256,12,64,4,6144,4,DDR3,1600,3,400,4,4096,34071.3299,32.19510078
desktop,3.2,X86_64,8,64,1,32,4,64,1,256,12,64,4,6144,4,DDR3,1600,4,400,4,4096,27579.6304,39.14512574
desktop,3.2,X86_64,8,64,1,32,4,64,1,256,12,64,4,6144,4,DDR3,1600,1,450,4,4096,133801.3146,16.6944563
desktop,3.2,X86_64,8,64,1,32,4,64,1,256,12,64,4,6144,4,DDR3,1600,2,450,4,4096,70245.4457,25.44831316
desktop,3.2,X86_64,8,64,1,32,4,64,1,256,12,64,4,6144,4,DDR3,1600,3,450,4,4096,48024.5279,32.41103386
desktop,3.2,X86_64,8,64,1,32,4,64,1,256,12,64,4,6144,4,DDR3,1600,4,450,4,4096,37267.4893,39.31046409
desktop,3.2,X86_64,8,64,1,32,4,64,1,256,12,64,4,6144,4,DDR3,1600,1,500,4,4096,183415.1973,16.94693376
desktop,3.2,X86_64,8,64,1,32,4,64,1,256,12,64,4,6144,4,DDR3,1600,2,500,4,4096,96055.6833,25.87724864
desktop,3.2,X86_64,8,64,1,32,4,64,1,256,12,64,4,6144,4,DDR3,1600,3,500,4,4096,66341.5605,32.63960907
desktop,3.2,X86_64,8,64,1,32,4,64,1,256,12,64,4,6144,4,DDR3,1600,4,500,4,4096,51051.9877,40.25126724
desktop,3.2,X86_64,8,64,1,32,4,64,1,256,12,64,4,6144,4,DDR3,1600,1,50,4,4096,298.3525,11.45591205
desktop,3.2,X86_64,8,64,1,32,4,64,1,256,12,64,4,6144,4,DDR3,1600,2,50,4,4096,218.938,10.98347477
desktop,3.2,X86_64,8,64,1,32,4,64,1,256,12,64,4,6144,4,DDR3,1600,3,50,4,4096,2115.8451,19.03887009
desktop,3.2,X86_64,8,64,1,32,4,64,1,256,12,64,4,6144,4,DDR3,1600,4,50,4,4096,4538.8492,14.34553058
lab007068,3.2,X86_64,8,64,1,32,4,64,1,256,12,64,4,6144,4,DDR4,2400,1,100,4,4096,1286.4541,13.53573361
lab007068,3.2,X86_64,8,64,1,32,4,64,1,256,12,64,4,6144,4,DDR4,2400,2,100,4,4096,824.4015,17.25748922
lab007068,3.2,X86_64,8,64,1,32,4,64,1,256,12,64,4,6144,4,DDR4,2400,3,100,4,4096,690.7151,9.888013162
lab007068,3.2,X86_64,8,64,1,32,4,64,1,256,12,64,4,6144,4,DDR4,2400,4,100,4,4096,2147.2783,19.2348146
lab007068,3.2,X86_64,8,64,1,32,4,64,1,256,12,64,4,6144,4,DDR4,2400,1,150,4,4096,4618.5948,18.73240753
lab007068,3.2,X86_64,8,64,1,32,4,64,1,256,12,64,4,6144,4,DDR4,2400,2,150,4,4096,2246.5826,21.78317414
lab007068,3.2,X86_64,8,64,1,32,4,64,1,256,12,64,4,6144,4,DDR4,2400,3,150,4,4096,2078.3035,14.57217389
lab007068,3.2,X86_64,8,64,1,32,4,64,1,256,12,64,4,6144,4,DDR4,2400,4,150,4,4096,6871.4962,19.45950287
lab007068,3.2,X86_64,8,64,1,32,4,64,1,256,12,64,4,6144,4,DDR4,2400,1,200,4,4096,12734.2547,15.78715086
lab007068,3.2,X86_64,8,64,1,32,4,64,1,256,12,64,4,6144,4,DDR4,2400,2,200,4,4096,5434.3501,23.89588407
lab007068,3.2,X86_64,8,64,1,32,4,64,1,256,12,64,4,6144,4,DDR4,2400,3,200,4,4096,4512.3291,24.56651488
lab007068,3.2,X86_64,8,64,1,32,4,64,1,256,12,64,4,6144,4,DDR4,2400,4,200,4,4096,10418.1981,19.9669941
lab007068,3.2,X86_64,8,64,1,32,4,64,1,256,12,64,4,6144,4,DDR4,2400,1,250,4,4096,20850.7078,17.61324381
lab007068,3.2,X86_64,8,64,1,32,4,64,1,256,12,64,4,6144,4,DDR4,2400,2,250,4,4096,9808.1995,24.55172328
lab007068,3.2,X86_64,8,64,1,32,4,64,1,256,12,64,4,6144,4,DDR4,2400,3,250,4,4096,7012.2051,29.37469698
lab007068,3.2,X86_64,8,64,1,32,4,64,1,256,12,64,4,6144,4,DDR4,2400,4,250,4,4096,10192.0213,27.14178982
lab007068,3.2,X86_64,8,64,1,32,4,64,1,256,12,64,4,6144,4,DDR4,2400,1,300,4,4096,33756.4832,19.767070999999998
lab007068,3.2,X86_64,8,64,1,32,4,64,1,256,12,64,4,6144,4,DDR4,2400,2,300,4,4096,17031.5739,25.86747429
lab007068,3.2,X86_64,8,64,1,32,4,64,1,256,12,64,4,6144,4,DDR4,2400,3,300,4,4096,12249.5939,31.05471113
lab007068,3.2,X86_64,8,64,1,32,4,64,1,256,12,64,4,6144,4,DDR4,2400,4,300,4,4096,10923.3793,32.58611554
lab007068,3.2,X86_64,8,64,1,32,4,64,1,256,12,64,4,6144,4,DDR4,2400,1,350,4,4096,54438.5498,19.31426358
lab007068,3.2,X86_64,8,64,1,32,4,64,1,256,12,64,4,6144,4,DDR4,2400,2,350,4,4096,26800.0307,25.86133605
lab007068,3.2,X86_64,8,64,1,32,4,64,1,256,12,64,4,6144,4,DDR4,2400,3,350,4,4096,18724.3033,30.70320913
lab007068,3.2,X86_64,8,64,1,32,4,64,1,256,12,64,4,6144,4,DDR4,2400,4,350,4,4096,18198.8926,28.51152053
lab007068,3.2,X86_64,8,64,1,32,4,64,1,256,12,64,4,6144,4,DDR4,2400,1,400,4,4096,89384.5175,19.0317915
lab007068,3.2,X86_64,8,64,1,32,4,64,1,256,12,64,4,6144,4,DDR4,2400,2,400,4,4096,39997.3148,26.93554818
lab007068,3.2,X86_64,8,64,1,32,4,64,1,256,12,64,4,6144,4,DDR4,2400,3,400,4,4096,29257.2098,33.87795032
lab007068,3.2,X86_64,8,64,1,32,4,64,1,256,12,64,4,6144,4,DDR4,2400,4,400,4,4096,24667.8645,36.81651486
lab007068,3.2,X86_64,8,64,1,32,4,64,1,256,12,64,4,6144,4,DDR4,2400,1,450,4,4096,112997.0074,17.3629085
lab007068,3.2,X86_64,8,64,1,32,4,64,1,256,12,64,4,6144,4,DDR4,2400,2,450,4,4096,55102.3116,26.64798549
lab007068,3.2,X86_64,8,64,1,32,4,64,1,256,12,64,4,6144,4,DDR4,2400,3,450,4,4096,43614.3443,33.19682373
lab007068,3.2,X86_64,8,64,1,32,4,64,1,256,12,64,4,6144,4,DDR4,2400,4,450,4,4096,38718.7931,35.38525585
lab007068,3.2,X86_64,8,64,1,32,4,64,1,256,12,64,4,6144,4,DDR4,2400,1,500,4,4096,152038.4916,17.43922984
lab007068,3.2,X86_64,8,64,1,32,4,64,1,256,12,64,4,6144,4,DDR4,2400,2,500,4,4096,76304.3276,27.0026467
lab007068,3.2,X86_64,8,64,1,32,4,64,1,256,12,64,4,6144,4,DDR4,2400,3,500,4,4096,61799.9521,32.68188294
lab007068,3.2,X86_64,8,64,1,32,4,64,1,256,12,64,4,6144,4,DDR4,2400,4,500,4,4096,90050.9657,27.91435473
lab007068,3.2,X86_64,8,64,1,32,4,64,1,256,12,64,4,6144,4,DDR4,2400,1,50,4,4096,477.2051,9.247176948
lab007068,3.2,X86_64,8,64,1,32,4,64,1,256,12,64,4,6144,4,DDR4,2400,2,50,4,4096,277.7774,4.196885708
lab007068,3.2,X86_64,8,64,1,32,4,64,1,256,12,64,4,6144,4,DDR4,2400,3,50,4,4096,268.2266,4.914874215
lab007068,3.2,X86_64,8,64,1,32,4,64,1,256,12,64,4,6144,4,DDR4,2400,4,50,4,4096,2739.4648,17.63234921
lab00801,3.2,X86_64,8,64,1,32,8,64,1,256,12,64,4,6144,4,DDR3,1600,1,100,4,1024,1531.1926,12.08685308
lab00801,3.2,X86_64,8,64,1,32,8,64,1,256,12,64,4,6144,4,DDR3,1600,2,100,4,1024,634.4804,20.58140803
lab00801,3.2,X86_64,8,64,1,32,8,64,1,256,12,64,4,6144,4,DDR3,1600,3,100,4,1024,704.9808,24.0227819
lab00801,3.2,X86_64,8,64,1,32,8,64,1,256,12,64,4,6144,4,DDR3,1600,4,100,4,1024,467.0633,12.83915906
lab00801,3.2,X86_64,8,64,1,32,8,64,1,256,12,64,4,6144,4,DDR3,1600,1,150,4,1024,5392.4202,10.37302323
lab00801,3.2,X86_64,8,64,1,32,8,64,1,256,12,64,4,6144,4,DDR3,1600,2,150,4,1024,1944.6491,22.76282132
lab00801,3.2,X86_64,8,64,1,32,8,64,1,256,12,64,4,6144,4,DDR3,1600,3,150,4,1024,1703.0695,26.19775646
lab00801,3.2,X86_64,8,64,1,32,8,64,1,256,12,64,4,6144,4,DDR3,1600,4,150,4,1024,2574.9356,29.18142885
lab00801,3.2,X86_64,8,64,1,32,8,64,1,256,12,64,4,6144,4,DDR3,1600,1,200,4,1024,9653.2693,15.81998754
lab00801,3.2,X86_64,8,64,1,32,8,64,1,256,12,64,4,6144,4,DDR3,1600,2,200,4,1024,4747.766,22.28123711
lab00801,3.2,X86_64,8,64,1,32,8,64,1,256,12,64,4,6144,4,DDR3,1600,3,200,4,1024,3619.3903,27.48526458
lab00801,3.2,X86_64,8,64,1,32,8,64,1,256,12,64,4,6144,4,DDR3,1600,4,200,4,1024,2775.0626,30.06159212
lab00801,3.2,X86_64,8,64,1,32,8,64,1,256,12,64,4,6144,4,DDR3,1600,1,250,4,1024,21006.9008,15.15187333
lab00801,3.2,X86_64,8,64,1,32,8,64,1,256,12,64,4,6144,4,DDR3,1600,2,250,4,1024,10032.1719,23.09526813
lab00801,3.2,X86_64,8,64,1,32,8,64,1,256,12,64,4,6144,4,DDR3,1600,3,250,4,1024,7167.9377,29.44111805
lab00801,3.2,X86_64,8,64,1,32,8,64,1,256,12,64,4,6144,4,DDR3,1600,4,250,4,1024,6629.5393,30.84010679
lab00801,3.2,X86_64,8,64,1,32,8,64,1,256,12,64,4,6144,4,DDR3,1600,1,300,4,1024,47165.3827,10.48925444
lab00801,3.2,X86_64,8,64,1,32,8,64,1,256,12,64,4,6144,4,DDR3,1600,2,300,4,1024,16720.6028,23.26398783
lab00801,3.2,X86_64,8,64,1,32,8,64,1,256,12,64,4,6144,4,DDR3,1600,3,300,4,1024,13267.3236,29.13486636
lab00801,3.2,X86_64,8,64,1,32,8,64,1,256,12,64,4,6144,4,DDR3,1600,4,300,4,1024,10757.3132,30.92775992
lab00801,3.2,X86_64,8,64,1,32,8,64,1,256,12,64,4,6144,4,DDR3,1600,1,350,4,1024,56826.761,18.68621898
lab00801,3.2,X86_64,8,64,1,32,8,64,1,256,12,64,4,6144,4,DDR3,1600,2,350,4,1024,27334.1244,23.19867982
lab00801,3.2,X86_64,8,64,1,32,8,64,1,256,12,64,4,6144,4,DDR3,1600,3,350,4,1024,19382.3498,29.24065997
lab00801,3.2,X86_64,8,64,1,32,8,64,1,256,12,64,4,6144,4,DDR3,1600,4,350,4,1024,14973.7683,32.60676873
lab00801,3.2,X86_64,8,64,1,32,8,64,1,256,12,64,4,6144,4,DDR3,1600,1,400,4,1024,89792.1577,18.5247503
lab00801,3.2,X86_64,8,64,1,32,8,64,1,256,12,64,4,6144,4,DDR3,1600,2,400,4,1024,45485.3595,23.77668577
lab00801,3.2,X86_64,8,64,1,32,8,64,1,256,12,64,4,6144,4,DDR3,1600,3,400,4,1024,31634.7277,32.6550116
lab00801,3.2,X86_64,8,64,1,32,8,64,1,256,12,64,4,6144,4,DDR3,1600,4,400,4,1024,25804.4164,35.44199124
lab00801,3.2,X86_64,8,64,1,32,8,64,1,256,12,64,4,6144,4,DDR3,1600,1,450,4,1024,141484.3054,13.83861478
lab00801,3.2,X86_64,8,64,1,32,8,64,1,256,12,64,4,6144,4,DDR3,1600,2,450,4,1024,67348.2183,20.67333829
lab00801,3.2,X86_64,8,64,1,32,8,64,1,256,12,64,4,6144,4,DDR3,1600,3,450,4,1024,44307.8938,30.78179266
lab00801,3.2,X86_64,8,64,1,32,8,64,1,256,12,64,4,6144,4,DDR3,1600,4,450,4,1024,34663.5318,33.94281364
lab00801,3.2,X86_64,8,64,1,32,8,64,1,256,12,64,4,6144,4,DDR3,1600,1,500,4,1024,194314.206,15.03370011
lab00801,3.2,X86_64,8,64,1,32,8,64,1,256,12,64,4,6144,4,DDR3,1600,2,500,4,1024,89169.5195,23.26650084
lab00801,3.2,X86_64,8,64,1,32,8,64,1,256,12,64,4,6144,4,DDR3,1600,3,500,4,1024,63054.2119,31.1229217
lab00801,3.2,X86_64,8,64,1,32,8,64,1,256,12,64,4,6144,4,DDR3,1600,4,500,4,1024,47528.0643,35.77347668
lab00801,3.2,X86_64,8,64,1,32,8,64,1,256,12,64,4,6144,4,DDR3,1600,1,50,4,1024,247.6546,10.66525718
lab00801,3.2,X86_64,8,64,1,32,8,64,1,256,12,64,4,6144,4,DDR3,1600,2,50,4,1024,172.59400000000002,38.74931921
lab00801,3.2,X86_64,8,64,1,32,8,64,1,256,12,64,4,6144,4,DDR3,1600,3,50,4,1024,318.8875,19.23092
lab00801,3.2,X86_64,8,64,1,32,8,64,1,256,12,64,4,6144,4,DDR3,1600,4,50,4,1024,164.7474,39.75176543
laptop,3.0,X86_64,8,64,1,32,8,64,1,256,16,64,4,4096,4,DDR3,1600,1,100,2,4096,1357.2052,10.87388996
laptop,3.0,X86_64,8,64,1,32,8,64,1,256,16,64,4,4096,4,DDR3,1600,2,100,2,4096,775.9053,1.408032656
laptop,3.0,X86_64,8,64,1,32,8,64,1,256,16,64,4,4096,4,DDR3,1600,3,100,2,4096,820.9468,14.41555044
laptop,3.0,X86_64,8,64,1,32,8,64,1,256,16,64,4,4096,4,DDR3,1600,4,100,2,4096,707.0827,13.54311172
laptop,3.0,X86_64,8,64,1,32,8,64,1,256,16,64,4,4096,4,DDR3,1600,1,150,2,4096,6529.9501,12.6978612
laptop,3.0,X86_64,8,64,1,32,8,64,1,256,16,64,4,4096,4,DDR3,1600,2,150,2,4096,2417.0871,15.05746318
laptop,3.0,X86_64,8,64,1,32,8,64,1,256,16,64,4,4096,4,DDR3,1600,3,150,2,4096,2546.74,14.25972027
laptop,3.0,X86_64,8,64,1,32,8,64,1,256,16,64,4,4096,4,DDR3,1600,4,150,2,4096,2176.8688,14.64148873
laptop,3.0,X86_64,8,64,1,32,8,64,1,256,16,64,4,4096,4,DDR3,1600,1,200,2,4096,14818.8313,12.74302245
laptop,3.0,X86_64,8,64,1,32,8,64,1,256,16,64,4,4096,4,DDR3,1600,2,200,2,4096,5618.2491,15.89148121
laptop,3.0,X86_64,8,64,1,32,8,64,1,256,16,64,4,4096,4,DDR3,1600,3,200,2,4096,5960.3337,14.788987400000002
laptop,3.0,X86_64,8,64,1,32,8,64,1,256,16,64,4,4096,4,DDR3,1600,4,200,2,4096,5414.2884,15.30531695
laptop,3.0,X86_64,8,64,1,32,8,64,1,256,16,64,4,4096,4,DDR3,1600,1,250,2,4096,23998.9641,11.46239475
laptop,3.0,X86_64,8,64,1,32,8,64,1,256,16,64,4,4096,4,DDR3,1600,2,250,2,4096,10861.2151,16.40403936
laptop,3.0,X86_64,8,64,1,32,8,64,1,256,16,64,4,4096,4,DDR3,1600,3,250,2,4096,11801.4424,14.97608462
laptop,3.0,X86_64,8,64,1,32,8,64,1,256,16,64,4,4096,4,DDR3,1600,4,250,2,4096,9495.3641,16.47854662
laptop,3.0,X86_64,8,64,1,32,8,64,1,256,16,64,4,4096,4,DDR3,1600,1,300,2,4096,45229.4473,11.43988554
laptop,3.0,X86_64,8,64,1,32,8,64,1,256,16,64,4,4096,4,DDR3,1600,2,300,2,4096,18591.5938,16.14779256
laptop,3.0,X86_64,8,64,1,32,8,64,1,256,16,64,4,4096,4,DDR3,1600,3,300,2,4096,20142.9512,15.09808553
laptop,3.0,X86_64,8,64,1,32,8,64,1,256,16,64,4,4096,4,DDR3,1600,4,300,2,4096,16345.8091,16.76266977
laptop,3.0,X86_64,8,64,1,32,8,64,1,256,16,64,4,4096,4,DDR3,1600,1,350,2,4096,59097.4694,11.44731588
laptop,3.0,X86_64,8,64,1,32,8,64,1,256,16,64,4,4096,4,DDR3,1600,2,350,2,4096,29694.092999999997,18.22148264
laptop,3.0,X86_64,8,64,1,32,8,64,1,256,16,64,4,4096,4,DDR3,1600,3,350,2,4096,32521.651,15.03975306
laptop,3.0,X86_64,8,64,1,32,8,64,1,256,16,64,4,4096,4,DDR3,1600,4,350,2,4096,26201.8132,16.57641388
laptop,3.0,X86_64,8,64,1,32,8,64,1,256,16,64,4,4096,4,DDR3,1600,1,400,2,4096,117583.9013,11.55238162
laptop,3.0,X86_64,8,64,1,32,8,64,1,256,16,64,4,4096,4,DDR3,1600,2,400,2,4096,46056.782999999996,17.47402114
laptop,3.0,X86_64,8,64,1,32,8,64,1,256,16,64,4,4096,4,DDR3,1600,3,400,2,4096,51245.236,15.14872524
laptop,3.0,X86_64,8,64,1,32,8,64,1,256,16,64,4,4096,4,DDR3,1600,4,400,2,4096,41404.7578,17.29661126
laptop,3.0,X86_64,8,64,1,32,8,64,1,256,16,64,4,4096,4,DDR3,1600,1,450,2,4096,162831.1601,11.53437339
laptop,3.0,X86_64,8,64,1,32,8,64,1,256,16,64,4,4096,4,DDR3,1600,2,450,2,4096,62925.0586,17.53901903
laptop,3.0,X86_64,8,64,1,32,8,64,1,256,16,64,4,4096,4,DDR3,1600,3,450,2,4096,71168.5184,15.11803005
laptop,3.0,X86_64,8,64,1,32,8,64,1,256,16,64,4,4096,4,DDR3,1600,4,450,2,4096,57697.2727,17.28857801
laptop,3.0,X86_64,8,64,1,32,8,64,1,256,16,64,4,4096,4,DDR3,1600,1,500,2,4096,207490.0183,11.77579298
laptop,3.0,X86_64,8,64,1,32,8,64,1,256,16,64,4,4096,4,DDR3,1600,2,500,2,4096,90908.2277,16.60959561
laptop,3.0,X86_64,8,64,1,32,8,64,1,256,16,64,4,4096,4,DDR3,1600,3,500,2,4096,98124.0547,15.13748494
laptop,3.0,X86_64,8,64,1,32,8,64,1,256,16,64,4,4096,4,DDR3,1600,4,500,2,4096,81233.4536,17.26305528
laptop,3.0,X86_64,8,64,1,32,8,64,1,256,16,64,4,4096,4,DDR3,1600,1,50,2,4096,209.0635,5.225685019
laptop,3.0,X86_64,8,64,1,32,8,64,1,256,16,64,4,4096,4,DDR3,1600,2,50,2,4096,183.0025,6.770399311
laptop,3.0,X86_64,8,64,1,32,8,64,1,256,16,64,4,4096,4,DDR3,1600,4,50,2,4096,843.3664,11.37666855
server_10-100-71-141,2.4,X86_64,8,64,1,32,8,64,1,256,8,64,12,15360,16,DDR4,1866,1,100,12,32768,1760.4174,49.81807156
server_10-100-71-141,2.4,X86_64,8,64,1,32,8,64,1,256,8,64,12,15360,16,DDR4,1866,10,100,12,32768,1939.7596,56.96241947
server_10-100-71-141,2.4,X86_64,8,64,1,32,8,64,1,256,8,64,12,15360,16,DDR4,1866,11,100,12,32768,1846.335,58.31764008
server_10-100-71-141,2.4,X86_64,8,64,1,32,8,64,1,256,8,64,12,15360,16,DDR4,1866,12,100,12,32768,1917.5897,59.53478995
server_10-100-71-141,2.4,X86_64,8,64,1,32,8,64,1,256,8,64,12,15360,16,DDR4,1866,13,100,12,32768,1939.1448,57.77129176
server_10-100-71-141,2.4,X86_64,8,64,1,32,8,64,1,256,8,64,12,15360,16,DDR4,1866,14,100,12,32768,2106.1883,57.52462873
server_10-100-71-141,2.4,X86_64,8,64,1,32,8,64,1,256,8,64,12,15360,16,DDR4,1866,15,100,12,32768,1928.2202,60.25821117
server_10-100-71-141,2.4,X86_64,8,64,1,32,8,64,1,256,8,64,12,15360,16,DDR4,1866,16,100,12,32768,1932.8217,62.34506784
server_10-100-71-141,2.4,X86_64,8,64,1,32,8,64,1,256,8,64,12,15360,16,DDR4,1866,17,100,12,32768,1894.7646,58.62469670000001
server_10-100-71-141,2.4,X86_64,8,64,1,32,8,64,1,256,8,64,12,15360,16,DDR4,1866,18,100,12,32768,2054.3725,58.35528854
server_10-100-71-141,2.4,X86_64,8,64,1,32,8,64,1,256,8,64,12,15360,16,DDR4,1866,19,100,12,32768,2077.9344,55.05616539
server_10-100-71-141,2.4,X86_64,8,64,1,32,8,64,1,256,8,64,12,15360,16,DDR4,1866,2,100,12,32768,2070.2639,43.24554952
server_10-100-71-141,2.4,X86_64,8,64,1,32,8,64,1,256,8,64,12,15360,16,DDR4,1866,20,100,12,32768,1886.0357,58.00006861
server_10-100-71-141,2.4,X86_64,8,64,1,32,8,64,1,256,8,64,12,15360,16,DDR4,1866,21,100,12,32768,1973.7707,57.99169073
server_10-100-71-141,2.4,X86_64,8,64,1,32,8,64,1,256,8,64,12,15360,16,DDR4,1866,22,100,12,32768,1966.5934,58.30290084
server_10-100-71-141,2.4,X86_64,8,64,1,32,8,64,1,256,8,64,12,15360,16,DDR4,1866,23,100,12,32768,2011.7712,61.9810046
server_10-100-71-141,2.4,X86_64,8,64,1,32,8,64,1,256,8,64,12,15360,16,DDR4,1866,24,100,12,32768,4763.4547,73.6778918
server_10-100-71-141,2.4,X86_64,8,64,1,32,8,64,1,256,8,64,12,15360,16,DDR4,1866,3,100,12,32768,1505.0179999999998,53.050528299999996
server_10-100-71-141,2.4,X86_64,8,64,1,32,8,64,1,256,8,64,12,15360,16,DDR4,1866,4,100,12,32768,1424.7702,55.73628646
server_10-100-71-141,2.4,X86_64,8,64,1,32,8,64,1,256,8,64,12,15360,16,DDR4,1866,5,100,12,32768,1681.5870000000002,52.43534828
server_10-100-71-141,2.4,X86_64,8,64,1,32,8,64,1,256,8,64,12,15360,16,DDR4,1866,6,100,12,32768,2070.8165,49.38143964
server_10-100-71-141,2.4,X86_64,8,64,1,32,8,64,1,256,8,64,12,15360,16,DDR4,1866,7,100,12,32768,1909.0231,51.24956319
server_10-100-71-141,2.4,X86_64,8,64,1,32,8,64,1,256,8,64,12,15360,16,DDR4,1866,8,100,12,32768,1914.4039,54.34950274
server_10-100-71-141,2.4,X86_64,8,64,1,32,8,64,1,256,8,64,12,15360,16,DDR4,1866,9,100,12,32768,1766.7594,54.62571757
server_10-100-71-141,2.4,X86_64,8,64,1,32,8,64,1,256,8,64,12,15360,16,DDR4,1866,1,150,12,32768,4046.7329999999997,51.47455985
server_10-100-71-141,2.4,X86_64,8,64,1,32,8,64,1,256,8,64,12,15360,16,DDR4,1866,10,150,12,32768,3699.2090000000003,65.4235
server_10-100-71-141,2.4,X86_64,8,64,1,32,8,64,1,256,8,64,12,15360,16,DDR4,1866,11,150,12,32768,3473.2426,61.82424458
server_10-100-71-141,2.4,X86_64,8,64,1,32,8,64,1,256,8,64,12,15360,16,DDR4,1866,12,150,12,32768,3317.9024,72.73658803
server_10-100-71-141,2.4,X86_64,8,64,1,32,8,64,1,256,8,64,12,15360,16,DDR4,1866,13,150,12,32768,3652.433,68.54441957
server_10-100-71-141,2.4,X86_64,8,64,1,32,8,64,1,256,8,64,12,15360,16,DDR4,1866,14,150,12,32768,3887.0383,67.70692226
server_10-100-71-141,2.4,X86_64,8,64,1,32,8,64,1,256,8,64,12,15360,16,DDR4,1866,15,150,12,32768,3868.5052,69.05445028
server_10-100-71-141,2.4,X86_64,8,64,1,32,8,64,1,256,8,64,12,15360,16,DDR4,1866,16,150,12,32768,3874.5881,65.99780245
server_10-100-71-141,2.4,X86_64,8,64,1,32,8,64,1,256,8,64,12,15360,16,DDR4,1866,17,150,12,32768,3786.5704,65.56183399999999
server_10-100-71-141,2.4,X86_64,8,64,1,32,8,64,1,256,8,64,12,15360,16,DDR4,1866,18,150,12,32768,3993.8539,66.5557646
server_10-100-71-141,2.4,X86_64,8,64,1,32,8,64,1,256,8,64,12,15360,16,DDR4,1866,19,150,12,32768,3941.0840000000003,65.12251452
server_10-100-71-141,2.4,X86_64,8,64,1,32,8,64,1,256,8,64,12,15360,16,DDR4,1866,2,150,12,32768,4218.1382,50.43523704
server_10-100-71-141,2.4,X86_64,8,64,1,32,8,64,1,256,8,64,12,15360,16,DDR4,1866,20,150,12,32768,3803.0728,67.21683056
server_10-100-71-141,2.4,X86_64,8,64,1,32,8,64,1,256,8,64,12,15360,16,DDR4,1866,21,150,12,32768,3968.3320000000003,66.05800624
server_10-100-71-141,2.4,X86_64,8,64,1,32,8,64,1,256,8,64,12,15360,16,DDR4,1866,22,150,12,32768,4077.3945,64.79100808
server_10-100-71-141,2.4,X86_64,8,64,1,32,8,64,1,256,8,64,12,15360,16,DDR4,1866,23,150,12,32768,4039.6332,68.0584564
server_10-100-71-141,2.4,X86_64,8,64,1,32,8,64,1,256,8,64,12,15360,16,DDR4,1866,24,150,12,32768,6260.1990000000005,74.47881449
server_10-100-71-141,2.4,X86_64,8,64,1,32,8,64,1,256,8,64,12,15360,16,DDR4,1866,3,150,12,32768,3567.8087,51.86244991
server_10-100-71-141,2.4,X86_64,8,64,1,32,8,64,1,256,8,64,12,15360,16,DDR4,1866,4,150,12,32768,2951.2131,66.23832078
server_10-100-71-141,2.4,X86_64,8,64,1,32,8,64,1,256,8,64,12,15360,16,DDR4,1866,5,150,12,32768,3253.6381,58.87762994
server_10-100-71-141,2.4,X86_64,8,64,1,32,8,64,1,256,8,64,12,15360,16,DDR4,1866,6,150,12,32768,3973.8067,54.75034807
server_10-100-71-141,2.4,X86_64,8,64,1,32,8,64,1,256,8,64,12,15360,16,DDR4,1866,7,150,12,32768,3576.9498,54.3730583
server_10-100-71-141,2.4,X86_64,8,64,1,32,8,64,1,256,8,64,12,15360,16,DDR4,1866,8,150,12,32768,3689.8373,61.23180553
server_10-100-71-141,2.4,X86_64,8,64,1,32,8,64,1,256,8,64,12,15360,16,DDR4,1866,9,150,12,32768,3530.0771,60.99022596
server_10-100-71-141,2.4,X86_64,8,64,1,32,8,64,1,256,8,64,12,15360,16,DDR4,1866,1,200,12,32768,9567.5648,49.65760984
server_10-100-71-141,2.4,X86_64,8,64,1,32,8,64,1,256,8,64,12,15360,16,DDR4,1866,10,200,12,32768,6342.076999999999,73.04638528
server_10-100-71-141,2.4,X86_64,8,64,1,32,8,64,1,256,8,64,12,15360,16,DDR4,1866,11,200,12,32768,5852.4161,72.89174124
server_10-100-71-141,2.4,X86_64,8,64,1,32,8,64,1,256,8,64,12,15360,16,DDR4,1866,12,200,12,32768,5145.9248,82.66045784
server_10-100-71-141,2.4,X86_64,8,64,1,32,8,64,1,256,8,64,12,15360,16,DDR4,1866,13,200,12,32768,5824.6528,81.83466318
server_10-100-71-141,2.4,X86_64,8,64,1,32,8,64,1,256,8,64,12,15360,16,DDR4,1866,14,200,12,32768,6832.6609,71.63971799
server_10-100-71-141,2.4,X86_64,8,64,1,32,8,64,1,256,8,64,12,15360,16,DDR4,1866,15,200,12,32768,7089.5877,69.67323361
server_10-100-71-141,2.4,X86_64,8,64,1,32,8,64,1,256,8,64,12,15360,16,DDR4,1866,16,200,12,32768,7008.7963,71.09380537
server_10-100-71-141,2.4,X86_64,8,64,1,32,8,64,1,256,8,64,12,15360,16,DDR4,1866,17,200,12,32768,6687.1059,72.82162228
server_10-100-71-141,2.4,X86_64,8,64,1,32,8,64,1,256,8,64,12,15360,16,DDR4,1866,18,200,12,32768,7170.9859,71.80110339
server_10-100-71-141,2.4,X86_64,8,64,1,32,8,64,1,256,8,64,12,15360,16,DDR4,1866,19,200,12,32768,7161.602,70.40226474
server_10-100-71-141,2.4,X86_64,8,64,1,32,8,64,1,256,8,64,12,15360,16,DDR4,1866,2,200,12,32768,11420.9504,44.47472252
server_10-100-71-141,2.4,X86_64,8,64,1,32,8,64,1,256,8,64,12,15360,16,DDR4,1866,20,200,12,32768,6509.2634,73.15065788
server_10-100-71-141,2.4,X86_64,8,64,1,32,8,64,1,256,8,64,12,15360,16,DDR4,1866,21,200,12,32768,6814.723000000001,71.33033874
server_10-100-71-141,2.4,X86_64,8,64,1,32,8,64,1,256,8,64,12,15360,16,DDR4,1866,22,200,12,32768,7171.5734,71.02501384
server_10-100-71-141,2.4,X86_64,8,64,1,32,8,64,1,256,8,64,12,15360,16,DDR4,1866,23,200,12,32768,7078.4996,69.19707956
server_10-100-71-141,2.4,X86_64,8,64,1,32,8,64,1,256,8,64,12,15360,16,DDR4,1866,24,200,12,32768,7726.0721,82.47981533
server_10-100-71-141,2.4,X86_64,8,64,1,32,8,64,1,256,8,64,12,15360,16,DDR4,1866,3,200,12,32768,7214.0343,54.11953752
server_10-100-71-141,2.4,X86_64,8,64,1,32,8,64,1,256,8,64,12,15360,16,DDR4,1866,4,200,12,32768,5203.8588,66.0174715
server_10-100-71-141,2.4,X86_64,8,64,1,32,8,64,1,256,8,64,12,15360,16,DDR4,1866,5,200,12,32768,6007.0055,59.95752792
server_10-100-71-141,2.4,X86_64,8,64,1,32,8,64,1,256,8,64,12,15360,16,DDR4,1866,6,200,12,32768,6439.4726,62.22424178
server_10-100-71-141,2.4,X86_64,8,64,1,32,8,64,1,256,8,64,12,15360,16,DDR4,1866,7,200,12,32768,6966.4271,59.36038576
server_10-100-71-141,2.4,X86_64,8,64,1,32,8,64,1,256,8,64,12,15360,16,DDR4,1866,8,200,12,32768,6599.1586,62.91933944
server_10-100-71-141,2.4,X86_64,8,64,1,32,8,64,1,256,8,64,12,15360,16,DDR4,1866,9,200,12,32768,6243.2318,63.416514500000005
server_10-100-71-141,2.4,X86_64,8,64,1,32,8,64,1,256,8,64,12,15360,16,DDR4,1866,1,250,12,32768,20363.9028,49.14501458
server_10-100-71-141,2.4,X86_64,8,64,1,32,8,64,1,256,8,64,12,15360,16,DDR4,1866,10,250,12,32768,9284.0657,75.81642814
server_10-100-71-141,2.4,X86_64,8,64,1,32,8,64,1,256,8,64,12,15360,16,DDR4,1866,11,250,12,32768,9455.0421,76.16656725
server_10-100-71-141,2.4,X86_64,8,64,1,32,8,64,1,256,8,64,12,15360,16,DDR4,1866,12,250,12,32768,8365.6851,86.78502613
server_10-100-71-141,2.4,X86_64,8,64,1,32,8,64,1,256,8,64,12,15360,16,DDR4,1866,13,250,12,32768,9929.447,86.22294877
server_10-100-71-141,2.4,X86_64,8,64,1,32,8,64,1,256,8,64,12,15360,16,DDR4,1866,14,250,12,32768,11021.7119,76.51331369
server_10-100-71-141,2.4,X86_64,8,64,1,32,8,64,1,256,8,64,12,15360,16,DDR4,1866,15,250,12,32768,11643.6363,72.99583894
server_10-100-71-141,2.4,X86_64,8,64,1,32,8,64,1,256,8,64,12,15360,16,DDR4,1866,16,250,12,32768,10306.4719,76.28588208
server_10-100-71-141,2.4,X86_64,8,64,1,32,8,64,1,256,8,64,12,15360,16,DDR4,1866,17,250,12,32768,10358.3669,78.84686919
server_10-100-71-141,2.4,X86_64,8,64,1,32,8,64,1,256,8,64,12,15360,16,DDR4,1866,18,250,12,32768,10918.1081,73.70729367
server_10-100-71-141,2.4,X86_64,8,64,1,32,8,64,1,256,8,64,12,15360,16,DDR4,1866,19,250,12,32768,11103.7555,73.35026424
server_10-100-71-141,2.4,X86_64,8,64,1,32,8,64,1,256,8,64,12,15360,16,DDR4,1866,2,250,12,32768,21046.3348,46.83769927
server_10-100-71-141,2.4,X86_64,8,64,1,32,8,64,1,256,8,64,12,15360,16,DDR4,1866,20,250,12,32768,10053.2847,77.6691622
server_10-100-71-141,2.4,X86_64,8,64,1,32,8,64,1,256,8,64,12,15360,16,DDR4,1866,21,250,12,32768,10077.1162,76.04142741
server_10-100-71-141,2.4,X86_64,8,64,1,32,8,64,1,256,8,64,12,15360,16,DDR4,1866,22,250,12,32768,11768.0194,72.49701679
server_10-100-71-141,2.4,X86_64,8,64,1,32,8,64,1,256,8,64,12,15360,16,DDR4,1866,23,250,12,32768,10306.403,78.082101
server_10-100-71-141,2.4,X86_64,8,64,1,32,8,64,1,256,8,64,12,15360,16,DDR4,1866,24,250,12,32768,10752.3372,85.36734692
server_10-100-71-141,2.4,X86_64,8,64,1,32,8,64,1,256,8,64,12,15360,16,DDR4,1866,3,250,12,32768,12367.7552,56.89035629999999
server_10-100-71-141,2.4,X86_64,8,64,1,32,8,64,1,256,8,64,12,15360,16,DDR4,1866,4,250,12,32768,9689.8509,70.24348538
server_10-100-71-141,2.4,X86_64,8,64,1,32,8,64,1,256,8,64,12,15360,16,DDR4,1866,5,250,12,32768,9562.6118,66.80773134
server_10-100-71-141,2.4,X86_64,8,64,1,32,8,64,1,256,8,64,12,15360,16,DDR4,1866,6,250,12,32768,10062.2164,69.94039603
server_10-100-71-141,2.4,X86_64,8,64,1,32,8,64,1,256,8,64,12,15360,16,DDR4,1866,7,250,12,32768,11633.7035,63.24558641
server_10-100-71-141,2.4,X86_64,8,64,1,32,8,64,1,256,8,64,12,15360,16,DDR4,1866,8,250,12,32768,10739.0783,65.90658716
server_10-100-71-141,2.4,X86_64,8,64,1,32,8,64,1,256,8,64,12,15360,16,DDR4,1866,9,250,12,32768,10047.3555,71.34807761
server_10-100-71-141,2.4,X86_64,8,64,1,32,8,64,1,256,8,64,12,15360,16,DDR4,1866,1,300,12,32768,32573.0804,49.77432223
server_10-100-71-141,2.4,X86_64,8,64,1,32,8,64,1,256,8,64,12,15360,16,DDR4,1866,10,300,12,32768,12888.4723,82.72144869
server_10-100-71-141,2.4,X86_64,8,64,1,32,8,64,1,256,8,64,12,15360,16,DDR4,1866,11,300,12,32768,13256.3446,81.33460864
server_10-100-71-141,2.4,X86_64,8,64,1,32,8,64,1,256,8,64,12,15360,16,DDR4,1866,12,300,12,32768,12548.4078,87.69189825
server_10-100-71-141,2.4,X86_64,8,64,1,32,8,64,1,256,8,64,12,15360,16,DDR4,1866,13,300,12,32768,14486.5052,86.07706157
server_10-100-71-141,2.4,X86_64,8,64,1,32,8,64,1,256,8,64,12,15360,16,DDR4,1866,14,300,12,32768,14991.6726,83.73871505
server_10-100-71-141,2.4,X86_64,8,64,1,32,8,64,1,256,8,64,12,15360,16,DDR4,1866,15,300,12,32768,15196.7845,80.08431652
server_10-100-71-141,2.4,X86_64,8,64,1,32,8,64,1,256,8,64,12,15360,16,DDR4,1866,16,300,12,32768,14625.187,83.79946868
server_10-100-71-141,2.4,X86_64,8,64,1,32,8,64,1,256,8,64,12,15360,16,DDR4,1866,17,300,12,32768,14466.1937,84.53819473
server_10-100-71-141,2.4,X86_64,8,64,1,32,8,64,1,256,8,64,12,15360,16,DDR4,1866,18,300,12,32768,14983.9034,79.30163244
server_10-100-71-141,2.4,X86_64,8,64,1,32,8,64,1,256,8,64,12,15360,16,DDR4,1866,19,300,12,32768,14263.2321,83.90227345
server_10-100-71-141,2.4,X86_64,8,64,1,32,8,64,1,256,8,64,12,15360,16,DDR4,1866,2,300,12,32768,33710.3777,44.32680385
server_10-100-71-141,2.4,X86_64,8,64,1,32,8,64,1,256,8,64,12,15360,16,DDR4,1866,20,300,12,32768,14150.7223,83.10979292
server_10-100-71-141,2.4,X86_64,8,64,1,32,8,64,1,256,8,64,12,15360,16,DDR4,1866,21,300,12,32768,14408.4007,81.82814488
server_10-100-71-141,2.4,X86_64,8,64,1,32,8,64,1,256,8,64,12,15360,16,DDR4,1866,22,300,12,32768,15597.3475,78.11382031
server_10-100-71-141,2.4,X86_64,8,64,1,32,8,64,1,256,8,64,12,15360,16,DDR4,1866,23,300,12,32768,14227.7353,83.70857869
server_10-100-71-141,2.4,X86_64,8,64,1,32,8,64,1,256,8,64,12,15360,16,DDR4,1866,24,300,12,32768,15361.4526,87.04375392
server_10-100-71-141,2.4,X86_64,8,64,1,32,8,64,1,256,8,64,12,15360,16,DDR4,1866,3,300,12,32768,17343.9054,61.85500758
server_10-100-71-141,2.4,X86_64,8,64,1,32,8,64,1,256,8,64,12,15360,16,DDR4,1866,4,300,12,32768,15724.1286,71.34590593
server_10-100-71-141,2.4,X86_64,8,64,1,32,8,64,1,256,8,64,12,15360,16,DDR4,1866,5,300,12,32768,14182.9827,72.35277104
server_10-100-71-141,2.4,X86_64,8,64,1,32,8,64,1,256,8,64,12,15360,16,DDR4,1866,6,300,12,32768,16677.3206,70.21396471
server_10-100-71-141,2.4,X86_64,8,64,1,32,8,64,1,256,8,64,12,15360,16,DDR4,1866,7,300,12,32768,16071.7684,67.31472064
server_10-100-71-141,2.4,X86_64,8,64,1,32,8,64,1,256,8,64,12,15360,16,DDR4,1866,8,300,12,32768,14780.8213,72.47088496
server_10-100-71-141,2.4,X86_64,8,64,1,32,8,64,1,256,8,64,12,15360,16,DDR4,1866,9,300,12,32768,14036.5643,74.44731329
server_10-100-71-141,2.4,X86_64,8,64,1,32,8,64,1,256,8,64,12,15360,16,DDR4,1866,1,350,12,32768,53549.6689,49.7503655
server_10-100-71-141,2.4,X86_64,8,64,1,32,8,64,1,256,8,64,12,15360,16,DDR4,1866,10,350,12,32768,18928.2115,84.31280473
server_10-100-71-141,2.4,X86_64,8,64,1,32,8,64,1,256,8,64,12,15360,16,DDR4,1866,11,350,12,32768,17530.1745,86.42072559
server_10-100-71-141,2.4,X86_64,8,64,1,32,8,64,1,256,8,64,12,15360,16,DDR4,1866,12,350,12,32768,17690.3433,88.74836816
server_10-100-71-141,2.4,X86_64,8,64,1,32,8,64,1,256,8,64,12,15360,16,DDR4,1866,13,350,12,32768,20788.34,86.03957315
server_10-100-71-141,2.4,X86_64,8,64,1,32,8,64,1,256,8,64,12,15360,16,DDR4,1866,14,350,12,32768,20802.4601,86.92153194
server_10-100-71-141,2.4,X86_64,8,64,1,32,8,64,1,256,8,64,12,15360,16,DDR4,1866,15,350,12,32768,21464.6334,85.04176922
server_10-100-71-141,2.4,X86_64,8,64,1,32,8,64,1,256,8,64,12,15360,16,DDR4,1866,16,350,12,32768,20990.3639,84.86605132
server_10-100-71-141,2.4,X86_64,8,64,1,32,8,64,1,256,8,64,12,15360,16,DDR4,1866,17,350,12,32768,20968.1275,85.19466509
server_10-100-71-141,2.4,X86_64,8,64,1,32,8,64,1,256,8,64,12,15360,16,DDR4,1866,18,350,12,32768,21165.8602,85.82733151
server_10-100-71-141,2.4,X86_64,8,64,1,32,8,64,1,256,8,64,12,15360,16,DDR4,1866,19,350,12,32768,20707.573,86.74736049
server_10-100-71-141,2.4,X86_64,8,64,1,32,8,64,1,256,8,64,12,15360,16,DDR4,1866,2,350,12,32768,50681.8881,35.58949494
server_10-100-71-141,2.4,X86_64,8,64,1,32,8,64,1,256,8,64,12,15360,16,DDR4,1866,20,350,12,32768,20387.6097,86.38309865
server_10-100-71-141,2.4,X86_64,8,64,1,32,8,64,1,256,8,64,12,15360,16,DDR4,1866,21,350,12,32768,20269.1434,86.30387903
server_10-100-71-141,2.4,X86_64,8,64,1,32,8,64,1,256,8,64,12,15360,16,DDR4,1866,22,350,12,32768,20522.3111,86.55339018
server_10-100-71-141,2.4,X86_64,8,64,1,32,8,64,1,256,8,64,12,15360,16,DDR4,1866,23,350,12,32768,20480.8946,89.45568716
server_10-100-71-141,2.4,X86_64,8,64,1,32,8,64,1,256,8,64,12,15360,16,DDR4,1866,24,350,12,32768,21762.0453,88.75820142
server_10-100-71-141,2.4,X86_64,8,64,1,32,8,64,1,256,8,64,12,15360,16,DDR4,1866,3,350,12,32768,37539.9154,44.94126271
server_10-100-71-141,2.4,X86_64,8,64,1,32,8,64,1,256,8,64,12,15360,16,DDR4,1866,4,350,12,32768,29113.4054,64.12805628
server_10-100-71-141,2.4,X86_64,8,64,1,32,8,64,1,256,8,64,12,15360,16,DDR4,1866,5,350,12,32768,23374.5628,70.04557536
server_10-100-71-141,2.4,X86_64,8,64,1,32,8,64,1,256,8,64,12,15360,16,DDR4,1866,6,350,12,32768,22688.5341,73.66966912
server_10-100-71-141,2.4,X86_64,8,64,1,32,8,64,1,256,8,64,12,15360,16,DDR4,1866,7,350,12,32768,20167.7093,77.32113632
server_10-100-71-141,2.4,X86_64,8,64,1,32,8,64,1,256,8,64,12,15360,16,DDR4,1866,8,350,12,32768,20256.0828,77.38221726
server_10-100-71-141,2.4,X86_64,8,64,1,32,8,64,1,256,8,64,12,15360,16,DDR4,1866,9,350,12,32768,18801.8748,80.38551028
server_10-100-71-141,2.4,X86_64,8,64,1,32,8,64,1,256,8,64,12,15360,16,DDR4,1866,1,400,12,32768,77643.6322,38.66835328
server_10-100-71-141,2.4,X86_64,8,64,1,32,8,64,1,256,8,64,12,15360,16,DDR4,1866,10,400,12,32768,24760.2719,64.12793472
server_10-100-71-141,2.4,X86_64,8,64,1,32,8,64,1,256,8,64,12,15360,16,DDR4,1866,11,400,12,32768,24131.3122,82.21156328
server_10-100-71-141,2.4,X86_64,8,64,1,32,8,64,1,256,8,64,12,15360,16,DDR4,1866,12,400,12,32768,23674.5626,55.48211479999999
server_10-100-71-141,2.4,X86_64,8,64,1,32,8,64,1,256,8,64,12,15360,16,DDR4,1866,13,400,12,32768,28601.2731,53.43161455
server_10-100-71-141,2.4,X86_64,8,64,1,32,8,64,1,256,8,64,12,15360,16,DDR4,1866,14,400,12,32768,27997.3454,53.94635021
server_10-100-71-141,2.4,X86_64,8,64,1,32,8,64,1,256,8,64,12,15360,16,DDR4,1866,15,400,12,32768,28786.4558,52.77126891
server_10-100-71-141,2.4,X86_64,8,64,1,32,8,64,1,256,8,64,12,15360,16,DDR4,1866,16,400,12,32768,28867.6631,52.65259244
server_10-100-71-141,2.4,X86_64,8,64,1,32,8,64,1,256,8,64,12,15360,16,DDR4,1866,17,400,12,32768,29121.3472,52.85212904
server_10-100-71-141,2.4,X86_64,8,64,1,32,8,64,1,256,8,64,12,15360,16,DDR4,1866,18,400,12,32768,28548.8984,53.10333095
server_10-100-71-141,2.4,X86_64,8,64,1,32,8,64,1,256,8,64,12,15360,16,DDR4,1866,19,400,12,32768,28380.7035,52.74511606
server_10-100-71-141,2.4,X86_64,8,64,1,32,8,64,1,256,8,64,12,15360,16,DDR4,1866,2,400,12,32768,73349.8006,33.71446111
server_10-100-71-141,2.4,X86_64,8,64,1,32,8,64,1,256,8,64,12,15360,16,DDR4,1866,20,400,12,32768,28120.8521,53.52112712
server_10-100-71-141,2.4,X86_64,8,64,1,32,8,64,1,256,8,64,12,15360,16,DDR4,1866,21,400,12,32768,27970.2582,54.67074666
server_10-100-71-141,2.4,X86_64,8,64,1,32,8,64,1,256,8,64,12,15360,16,DDR4,1866,22,400,12,32768,27914.9495,55.03948341
server_10-100-71-141,2.4,X86_64,8,64,1,32,8,64,1,256,8,64,12,15360,16,DDR4,1866,23,400,12,32768,27757.7565,55.81435949
server_10-100-71-141,2.4,X86_64,8,64,1,32,8,64,1,256,8,64,12,15360,16,DDR4,1866,24,400,12,32768,29524.135,58.14437239
server_10-100-71-141,2.4,X86_64,8,64,1,32,8,64,1,256,8,64,12,15360,16,DDR4,1866,3,400,12,32768,42550.1452,51.22012134
server_10-100-71-141,2.4,X86_64,8,64,1,32,8,64,1,256,8,64,12,15360,16,DDR4,1866,4,400,12,32768,43478.9291,45.88257212
server_10-100-71-141,2.4,X86_64,8,64,1,32,8,64,1,256,8,64,12,15360,16,DDR4,1866,5,400,12,32768,29360.7339,71.671124
server_10-100-71-141,2.4,X86_64,8,64,1,32,8,64,1,256,8,64,12,15360,16,DDR4,1866,6,400,12,32768,33607.4228,44.08144025
server_10-100-71-141,2.4,X86_64,8,64,1,32,8,64,1,256,8,64,12,15360,16,DDR4,1866,7,400,12,32768,28513.9543,61.15549536
server_10-100-71-141,2.4,X86_64,8,64,1,32,8,64,1,256,8,64,12,15360,16,DDR4,1866,8,400,12,32768,28180.3785,52.78836478
server_10-100-71-141,2.4,X86_64,8,64,1,32,8,64,1,256,8,64,12,15360,16,DDR4,1866,9,400,12,32768,28125.3444,53.12640367
server_10-100-71-141,2.4,X86_64,8,64,1,32,8,64,1,256,8,64,12,15360,16,DDR4,1866,1,450,12,32768,113490.8082,41.03618499
server_10-100-71-141,2.4,X86_64,8,64,1,32,8,64,1,256,8,64,12,15360,16,DDR4,1866,10,450,12,32768,34342.9938,57.63457639999999
server_10-100-71-141,2.4,X86_64,8,64,1,32,8,64,1,256,8,64,12,15360,16,DDR4,1866,11,450,12,32768,33167.5486,58.47101706
server_10-100-71-141,2.4,X86_64,8,64,1,32,8,64,1,256,8,64,12,15360,16,DDR4,1866,12,450,12,32768,31839.2591,61.33580225
server_10-100-71-141,2.4,X86_64,8,64,1,32,8,64,1,256,8,64,12,15360,16,DDR4,1866,13,450,12,32768,38239.346,60.84614261
server_10-100-71-141,2.4,X86_64,8,64,1,32,8,64,1,256,8,64,12,15360,16,DDR4,1866,14,450,12,32768,38676.3832,62.55539944
server_10-100-71-141,2.4,X86_64,8,64,1,32,8,64,1,256,8,64,12,15360,16,DDR4,1866,15,450,12,32768,39678.4839,61.30514478
server_10-100-71-141,2.4,X86_64,8,64,1,32,8,64,1,256,8,64,12,15360,16,DDR4,1866,16,450,12,32768,39195.913,61.13355492
server_10-100-71-141,2.4,X86_64,8,64,1,32,8,64,1,256,8,64,12,15360,16,DDR4,1866,17,450,12,32768,39061.0992,61.41982302
server_10-100-71-141,2.4,X86_64,8,64,1,32,8,64,1,256,8,64,12,15360,16,DDR4,1866,18,450,12,32768,38037.5238,62.365024399999996
server_10-100-71-141,2.4,X86_64,8,64,1,32,8,64,1,256,8,64,12,15360,16,DDR4,1866,19,450,12,32768,37962.6523,62.28487097
server_10-100-71-141,2.4,X86_64,8,64,1,32,8,64,1,256,8,64,12,15360,16,DDR4,1866,2,450,12,32768,94878.9256,41.86236696
server_10-100-71-141,2.4,X86_64,8,64,1,32,8,64,1,256,8,64,12,15360,16,DDR4,1866,20,450,12,32768,37476.6856,62.70947023
server_10-100-71-141,2.4,X86_64,8,64,1,32,8,64,1,256,8,64,12,15360,16,DDR4,1866,21,450,12,32768,37684.3185,63.57675275
server_10-100-71-141,2.4,X86_64,8,64,1,32,8,64,1,256,8,64,12,15360,16,DDR4,1866,22,450,12,32768,37490.296,63.76939248
server_10-100-71-141,2.4,X86_64,8,64,1,32,8,64,1,256,8,64,12,15360,16,DDR4,1866,23,450,12,32768,37525.4178,65.15640447
server_10-100-71-141,2.4,X86_64,8,64,1,32,8,64,1,256,8,64,12,15360,16,DDR4,1866,24,450,12,32768,38790.419,67.05373304
server_10-100-71-141,2.4,X86_64,8,64,1,32,8,64,1,256,8,64,12,15360,16,DDR4,1866,3,450,12,32768,56778.6254,48.91619127
server_10-100-71-141,2.4,X86_64,8,64,1,32,8,64,1,256,8,64,12,15360,16,DDR4,1866,4,450,12,32768,46056.5278,50.79820846
server_10-100-71-141,2.4,X86_64,8,64,1,32,8,64,1,256,8,64,12,15360,16,DDR4,1866,5,450,12,32768,46402.9843,49.13536563
server_10-100-71-141,2.4,X86_64,8,64,1,32,8,64,1,256,8,64,12,15360,16,DDR4,1866,6,450,12,32768,40639.52,53.05664781
server_10-100-71-141,2.4,X86_64,8,64,1,32,8,64,1,256,8,64,12,15360,16,DDR4,1866,7,450,12,32768,43618.5712,50.91131229
server_10-100-71-141,2.4,X86_64,8,64,1,32,8,64,1,256,8,64,12,15360,16,DDR4,1866,8,450,12,32768,34933.4807,54.49016135
server_10-100-71-141,2.4,X86_64,8,64,1,32,8,64,1,256,8,64,12,15360,16,DDR4,1866,9,450,12,32768,38246.3115,54.61345469
server_10-100-71-141,2.4,X86_64,8,64,1,32,8,64,1,256,8,64,12,15360,16,DDR4,1866,1,500,12,32768,144325.8458,48.00255534
server_10-100-71-141,2.4,X86_64,8,64,1,32,8,64,1,256,8,64,12,15360,16,DDR4,1866,10,500,12,32768,44134.14599999999,64.44412678
server_10-100-71-141,2.4,X86_64,8,64,1,32,8,64,1,256,8,64,12,15360,16,DDR4,1866,11,500,12,32768,41646.6403,66.79205765
server_10-100-71-141,2.4,X86_64,8,64,1,32,8,64,1,256,8,64,12,15360,16,DDR4,1866,12,500,12,32768,39074.6421,69.65959901
server_10-100-71-141,2.4,X86_64,8,64,1,32,8,64,1,256,8,64,12,15360,16,DDR4,1866,13,500,12,32768,45586.9263,71.2996941
server_10-100-71-141,2.4,X86_64,8,64,1,32,8,64,1,256,8,64,12,15360,16,DDR4,1866,14,500,12,32768,49264.2706,74.70846427
server_10-100-71-141,2.4,X86_64,8,64,1,32,8,64,1,256,8,64,12,15360,16,DDR4,1866,15,500,12,32768,49277.8367,78.63039775
server_10-100-71-141,2.4,X86_64,8,64,1,32,8,64,1,256,8,64,12,15360,16,DDR4,1866,16,500,12,32768,48588.0409,71.32250315
server_10-100-71-141,2.4,X86_64,8,64,1,32,8,64,1,256,8,64,12,15360,16,DDR4,1866,17,500,12,32768,48477.8979,71.61658303
server_10-100-71-141,2.4,X86_64,8,64,1,32,8,64,1,256,8,64,12,15360,16,DDR4,1866,18,500,12,32768,47933.0002,68.03825103
server_10-100-71-141,2.4,X86_64,8,64,1,32,8,64,1,256,8,64,12,15360,16,DDR4,1866,19,500,12,32768,48163.0074,67.76497723
server_10-100-71-141,2.4,X86_64,8,64,1,32,8,64,1,256,8,64,12,15360,16,DDR4,1866,2,500,12,32768,111721.4134,53.57626365
server_10-100-71-141,2.4,X86_64,8,64,1,32,8,64,1,256,8,64,12,15360,16,DDR4,1866,20,500,12,32768,47215.2947,89.75412156
server_10-100-71-141,2.4,X86_64,8,64,1,32,8,64,1,256,8,64,12,15360,16,DDR4,1866,21,500,12,32768,47496.4113,72.40970435
server_10-100-71-141,2.4,X86_64,8,64,1,32,8,64,1,256,8,64,12,15360,16,DDR4,1866,22,500,12,32768,47564.3522,70.27495478
server_10-100-71-141,2.4,X86_64,8,64,1,32,8,64,1,256,8,64,12,15360,16,DDR4,1866,23,500,12,32768,47796.2168,73.81720848
server_10-100-71-141,2.4,X86_64,8,64,1,32,8,64,1,256,8,64,12,15360,16,DDR4,1866,24,500,12,32768,48636.2414,93.92027567
server_10-100-71-141,2.4,X86_64,8,64,1,32,8,64,1,256,8,64,12,15360,16,DDR4,1866,3,500,12,32768,92195.2892,56.15754606
server_10-100-71-141,2.4,X86_64,8,64,1,32,8,64,1,256,8,64,12,15360,16,DDR4,1866,4,500,12,32768,74632.8076,55.35655475
server_10-100-71-141,2.4,X86_64,8,64,1,32,8,64,1,256,8,64,12,15360,16,DDR4,1866,5,500,12,32768,57997.5244,59.43707659
server_10-100-71-141,2.4,X86_64,8,64,1,32,8,64,1,256,8,64,12,15360,16,DDR4,1866,6,500,12,32768,53976.8225,63.20843544
server_10-100-71-141,2.4,X86_64,8,64,1,32,8,64,1,256,8,64,12,15360,16,DDR4,1866,7,500,12,32768,50136.6418,63.38043566
server_10-100-71-141,2.4,X86_64,8,64,1,32,8,64,1,256,8,64,12,15360,16,DDR4,1866,8,500,12,32768,49660.8163,60.33590511
server_10-100-71-141,2.4,X86_64,8,64,1,32,8,64,1,256,8,64,12,15360,16,DDR4,1866,9,500,12,32768,48937.5331,64.77947496
server_10-100-71-141,2.4,X86_64,8,64,1,32,8,64,1,256,8,64,12,15360,16,DDR4,1866,1,50,12,32768,414.025,61.14268462
server_10-100-71-141,2.4,X86_64,8,64,1,32,8,64,1,256,8,64,12,15360,16,DDR4,1866,10,50,12,32768,733.4458,38.73960421
server_10-100-71-141,2.4,X86_64,8,64,1,32,8,64,1,256,8,64,12,15360,16,DDR4,1866,11,50,12,32768,874.5603,36.96943481
server_10-100-71-141,2.4,X86_64,8,64,1,32,8,64,1,256,8,64,12,15360,16,DDR4,1866,12,50,12,32768,749.5959,45.65246421
server_10-100-71-141,2.4,X86_64,8,64,1,32,8,64,1,256,8,64,12,15360,16,DDR4,1866,13,50,12,32768,744.1252,47.508
server_10-100-71-141,2.4,X86_64,8,64,1,32,8,64,1,256,8,64,12,15360,16,DDR4,1866,14,50,12,32768,872.2152,51.55069529
server_10-100-71-141,2.4,X86_64,8,64,1,32,8,64,1,256,8,64,12,15360,16,DDR4,1866,15,50,12,32768,1027.7934,48.94047773
server_10-100-71-141,2.4,X86_64,8,64,1,32,8,64,1,256,8,64,12,15360,16,DDR4,1866,16,50,12,32768,932.0748,47.89122075
server_10-100-71-141,2.4,X86_64,8,64,1,32,8,64,1,256,8,64,12,15360,16,DDR4,1866,17,50,12,32768,970.7157,49.27632261
server_10-100-71-141,2.4,X86_64,8,64,1,32,8,64,1,256,8,64,12,15360,16,DDR4,1866,18,50,12,32768,1169.9385,46.64894779
server_10-100-71-141,2.4,X86_64,8,64,1,32,8,64,1,256,8,64,12,15360,16,DDR4,1866,19,50,12,32768,985.888,42.62898017
server_10-100-71-141,2.4,X86_64,8,64,1,32,8,64,1,256,8,64,12,15360,16,DDR4,1866,2,50,12,32768,583.0384,33.53106759
server_10-100-71-141,2.4,X86_64,8,64,1,32,8,64,1,256,8,64,12,15360,16,DDR4,1866,20,50,12,32768,933.1003,45.54901547
server_10-100-71-141,2.4,X86_64,8,64,1,32,8,64,1,256,8,64,12,15360,16,DDR4,1866,21,50,12,32768,1052.5949,48.63846481
server_10-100-71-141,2.4,X86_64,8,64,1,32,8,64,1,256,8,64,12,15360,16,DDR4,1866,22,50,12,32768,1170.8117,47.55376121
server_10-100-71-141,2.4,X86_64,8,64,1,32,8,64,1,256,8,64,12,15360,16,DDR4,1866,23,50,12,32768,1140.6034,46.96154684
server_10-100-71-141,2.4,X86_64,8,64,1,32,8,64,1,256,8,64,12,15360,16,DDR4,1866,24,50,12,32768,9260.5266,60.15047784
server_10-100-71-141,2.4,X86_64,8,64,1,32,8,64,1,256,8,64,12,15360,16,DDR4,1866,3,50,12,32768,513.1192,22.95139219
server_10-100-71-141,2.4,X86_64,8,64,1,32,8,64,1,256,8,64,12,15360,16,DDR4,1866,4,50,12,32768,405.719,72.64658544
server_10-100-71-141,2.4,X86_64,8,64,1,32,8,64,1,256,8,64,12,15360,16,DDR4,1866,5,50,12,32768,667.3158,33.56237032
server_10-100-71-141,2.4,X86_64,8,64,1,32,8,64,1,256,8,64,12,15360,16,DDR4,1866,6,50,12,32768,728.8446,44.25621045
server_10-100-71-141,2.4,X86_64,8,64,1,32,8,64,1,256,8,64,12,15360,16,DDR4,1866,7,50,12,32768,684.6289,39.6787223
server_10-100-71-141,2.4,X86_64,8,64,1,32,8,64,1,256,8,64,12,15360,16,DDR4,1866,8,50,12,32768,707.7945,48.42394226
server_10-100-71-141,2.4,X86_64,8,64,1,32,8,64,1,256,8,64,12,15360,16,DDR4,1866,9,50,12,32768,713.3365,40.29164357
