arch,cpu-clock,isa,l1d_assoc,l1d_cache_lines,l1d_shared_by_threads,l1d_size,l2_assoc,l2_cache_lines,l2_shared_by_threads,l2_size,l3_assoc,l3_cache_lines,l3_shared_by_threads,l3_size,mem-size,mem-type,mem_clock,num-cpus,runtime,power
IntelCorei97900X_DDR42666_2GB,3.3,X86_64,8,64,1,32,16,64,1,1024,16,64,10,16,2,DDR4,2666,10,20380,9.10641
IntelCorei97900X_DDR42666_3GB,3.3,X86_64,8,64,1,32,16,64,1,1024,16,64,10,16,3,DDR4,2666,10,20380,9.10641
IntelCorei97900X_DDR42666_4GB,3.3,X86_64,8,64,1,32,16,64,1,1024,16,64,10,16,4,DDR4,2666,10,20380,9.10641
IntelCorei97900X_DDR42666_6GB,3.3,X86_64,8,64,1,32,16,64,1,1024,16,64,10,16,6,DDR4,2666,10,20380,9.10641
IntelCorei97900X_DDR42666_7GB,3.3,X86_64,8,64,1,32,16,64,1,1024,16,64,10,16,7,DDR4,2666,10,20380,9.10641
IntelCorei78650U_DDR42400_2GB,1.9,X86_64,8,64,1,32,4,64,1,256,16,64,4,8,2,DDR4,2400,4,35427,6.98705
IntelCorei78650U_DDR42400_3GB,1.9,X86_64,8,64,1,32,4,64,1,256,16,64,4,8,3,DDR4,2400,4,35427,6.98705
IntelCorei78650U_DDR42400_4GB,1.9,X86_64,8,64,1,32,4,64,1,256,16,64,4,8,4,DDR4,2400,4,35427,6.98705
IntelCorei78650U_DDR42400_6GB,1.9,X86_64,8,64,1,32,4,64,1,256,16,64,4,8,6,DDR4,2400,4,35427,6.98705
IntelCorei78650U_LPDDR32133_2GB,1.9,X86_64,8,64,1,32,4,64,1,256,16,64,4,8,2,LPDDR3,2133,4,35338,6.99459
IntelCorei78650U_LPDDR32133_3GB,1.9,X86_64,8,64,1,32,4,64,1,256,16,64,4,8,3,LPDDR3,2133,4,35338,6.99459
IntelCorei78650U_LPDDR32133_4GB,1.9,X86_64,8,64,1,32,4,64,1,256,16,64,4,8,4,LPDDR3,2133,4,35338,6.99459
IntelCorei78650U_LPDDR32133_6GB,1.9,X86_64,8,64,1,32,4,64,1,256,16,64,4,8,6,LPDDR3,2133,4,35338,6.99459
IntelCorei77Y75_DDR31600_2GB,1.3,X86_64,8,64,1,32,4,64,1,256,16,64,2,4,2,DDR3,1600,2,51617,7.68156
IntelCorei77Y75_DDR31600_3GB,1.3,X86_64,8,64,1,32,4,64,1,256,16,64,2,4,3,DDR3,1600,2,51617,7.68156
IntelCorei77Y75_DDR31600_4GB,1.3,X86_64,8,64,1,32,4,64,1,256,16,64,2,4,4,DDR3,1600,2,51617,7.68156
IntelCorei77Y75_DDR31600_6GB,1.3,X86_64,8,64,1,32,4,64,1,256,16,64,2,4,6,DDR3,1600,2,51617,7.68156
IntelCorei77Y75_DDR31600_7GB,1.3,X86_64,8,64,1,32,4,64,1,256,16,64,2,4,7,DDR3,1600,2,51617,7.68156
IntelCorei77Y75_LPDDR31866_2GB,1.3,X86_64,8,64,1,32,4,64,1,256,16,64,2,4,2,LPDDR3,1866,2,51675,7.67653
IntelCorei77Y75_LPDDR31866_3GB,1.3,X86_64,8,64,1,32,4,64,1,256,16,64,2,4,3,LPDDR3,1866,2,51675,7.67653
IntelCorei77Y75_LPDDR31866_4GB,1.3,X86_64,8,64,1,32,4,64,1,256,16,64,2,4,4,LPDDR3,1866,2,51675,7.67653
IntelCorei77Y75_LPDDR31866_6GB,1.3,X86_64,8,64,1,32,4,64,1,256,16,64,2,4,6,LPDDR3,1866,2,51675,7.67653
IntelCorei77660U_DDR31600_2GB,2.5,X86_64,8,64,1,32,4,64,1,256,16,64,2,4,2,DDR3,1600,2,26905,4.63801
IntelCorei77660U_DDR31600_3GB,2.5,X86_64,8,64,1,32,4,64,1,256,16,64,2,4,3,DDR3,1600,2,26905,4.63801
IntelCorei77660U_DDR31600_4GB,2.5,X86_64,8,64,1,32,4,64,1,256,16,64,2,4,4,DDR3,1600,2,26905,4.63801
IntelCorei77660U_DDR31600_6GB,2.5,X86_64,8,64,1,32,4,64,1,256,16,64,2,4,6,DDR3,1600,2,26905,4.63801
IntelCorei77660U_DDR31600_7GB,2.5,X86_64,8,64,1,32,4,64,1,256,16,64,2,4,7,DDR3,1600,2,26905,4.63801
IntelCorei77660U_LPDDR31866_2GB,2.5,X86_64,8,64,1,32,4,64,1,256,16,64,2,4,2,LPDDR3,1866,2,26886,4.64042
IntelCorei77660U_LPDDR31866_3GB,2.5,X86_64,8,64,1,32,4,64,1,256,16,64,2,4,3,LPDDR3,1866,2,26886,4.64042
IntelCorei77660U_LPDDR31866_4GB,2.5,X86_64,8,64,1,32,4,64,1,256,16,64,2,4,4,LPDDR3,1866,2,26886,4.64042
IntelCorei77660U_LPDDR31866_6GB,2.5,X86_64,8,64,1,32,4,64,1,256,16,64,2,4,6,LPDDR3,1866,2,26886,4.64042
IntelCorei77660U_DDR42133_2GB,2.5,X86_64,8,64,1,32,4,64,1,256,16,64,2,4,2,DDR4,2133,2,26881,4.64078
IntelCorei77660U_DDR42133_3GB,2.5,X86_64,8,64,1,32,4,64,1,256,16,64,2,4,3,DDR4,2133,2,26881,4.64078
IntelCorei77660U_DDR42133_4GB,2.5,X86_64,8,64,1,32,4,64,1,256,16,64,2,4,4,DDR4,2133,2,26881,4.64078
IntelCorei77660U_DDR42133_6GB,2.5,X86_64,8,64,1,32,4,64,1,256,16,64,2,4,6,DDR4,2133,2,26881,4.64078
IntelCorei77567U_DDR31600_2GB,3.5,X86_64,8,64,1,32,4,64,1,256,16,64,2,4,2,DDR3,1600,2,19245,3.70024
IntelCorei77567U_DDR31600_3GB,3.5,X86_64,8,64,1,32,4,64,1,256,16,64,2,4,3,DDR3,1600,2,19245,3.70024
IntelCorei77567U_DDR31600_4GB,3.5,X86_64,8,64,1,32,4,64,1,256,16,64,2,4,4,DDR3,1600,2,19245,3.70024
IntelCorei77567U_DDR31600_6GB,3.5,X86_64,8,64,1,32,4,64,1,256,16,64,2,4,6,DDR3,1600,2,19245,3.70024
IntelCorei77567U_LPDDR31866_2GB,3.5,X86_64,8,64,1,32,4,64,1,256,16,64,2,4,2,LPDDR3,1866,2,19229,3.70165
IntelCorei77567U_LPDDR31866_3GB,3.5,X86_64,8,64,1,32,4,64,1,256,16,64,2,4,3,LPDDR3,1866,2,19229,3.70165
IntelCorei77567U_LPDDR31866_4GB,3.5,X86_64,8,64,1,32,4,64,1,256,16,64,2,4,4,LPDDR3,1866,2,19229,3.70165
IntelCorei77567U_LPDDR31866_6GB,3.5,X86_64,8,64,1,32,4,64,1,256,16,64,2,4,6,LPDDR3,1866,2,19229,3.70165
IntelCorei77567U_DDR42133_2GB,3.5,X86_64,8,64,1,32,4,64,1,256,16,64,2,4,2,DDR4,2133,2,19219,3.7025
IntelCorei77567U_DDR42133_3GB,3.5,X86_64,8,64,1,32,4,64,1,256,16,64,2,4,3,DDR4,2133,2,19219,3.7025
IntelCorei77567U_DDR42133_4GB,3.5,X86_64,8,64,1,32,4,64,1,256,16,64,2,4,4,DDR4,2133,2,19219,3.7025
IntelCorei77567U_DDR42133_6GB,3.5,X86_64,8,64,1,32,4,64,1,256,16,64,2,4,6,DDR4,2133,2,19219,3.7025
IntelCorei77820HK_DDR31600_2GB,2.9,X86_64,8,64,1,32,4,64,1,256,16,64,4,8,2,DDR3,1600,4,23235,5.50001
IntelCorei77820HK_DDR31600_3GB,2.9,X86_64,8,64,1,32,4,64,1,256,16,64,4,8,3,DDR3,1600,4,23235,5.50001
IntelCorei77820HK_DDR31600_4GB,2.9,X86_64,8,64,1,32,4,64,1,256,16,64,4,8,4,DDR3,1600,4,23235,5.50001
IntelCorei77820HK_DDR31600_6GB,2.9,X86_64,8,64,1,32,4,64,1,256,16,64,4,8,6,DDR3,1600,4,23235,5.50001
IntelCorei77820HK_LPDDR32133_2GB,2.9,X86_64,8,64,1,32,4,64,1,256,16,64,4,8,2,LPDDR3,2133,4,23210,5.50234
IntelCorei77820HK_LPDDR32133_3GB,2.9,X86_64,8,64,1,32,4,64,1,256,16,64,4,8,3,LPDDR3,2133,4,23210,5.50234
IntelCorei77820HK_LPDDR32133_4GB,2.9,X86_64,8,64,1,32,4,64,1,256,16,64,4,8,4,LPDDR3,2133,4,23210,5.50234
IntelCorei77820HK_LPDDR32133_6GB,2.9,X86_64,8,64,1,32,4,64,1,256,16,64,4,8,6,LPDDR3,2133,4,23210,5.50234
IntelCorei77820HK_DDR42400_2GB,2.9,X86_64,8,64,1,32,4,64,1,256,16,64,4,8,2,DDR4,2400,4,23208,5.50235
IntelCorei77820HK_DDR42400_3GB,2.9,X86_64,8,64,1,32,4,64,1,256,16,64,4,8,3,DDR4,2400,4,23208,5.50235
IntelCorei77820HK_DDR42400_4GB,2.9,X86_64,8,64,1,32,4,64,1,256,16,64,4,8,4,DDR4,2400,4,23208,5.50235
IntelCorei77820HK_DDR42400_6GB,2.9,X86_64,8,64,1,32,4,64,1,256,16,64,4,8,6,DDR4,2400,4,23208,5.50235
IntelCorei76822EQ_DDR31600_2GB,2,X86_64,8,64,1,32,4,64,1,256,16,64,4,8,2,DDR3,1600,4,33628,6.77682
IntelCorei76822EQ_DDR31600_3GB,2,X86_64,8,64,1,32,4,64,1,256,16,64,4,8,3,DDR3,1600,4,33628,6.77682
IntelCorei76822EQ_DDR31600_4GB,2,X86_64,8,64,1,32,4,64,1,256,16,64,4,8,4,DDR3,1600,4,33628,6.77682
IntelCorei76822EQ_DDR31600_6GB,2,X86_64,8,64,1,32,4,64,1,256,16,64,4,8,6,DDR3,1600,4,33628,6.77682
IntelCorei76822EQ_DDR31600_7GB,2,X86_64,8,64,1,32,4,64,1,256,16,64,4,8,7,DDR3,1600,4,33628,6.77682
IntelCorei76822EQ_LPDDR31866_2GB,2,X86_64,8,64,1,32,4,64,1,256,16,64,4,8,2,LPDDR3,1866,4,33566,6.78262
IntelCorei76822EQ_LPDDR31866_3GB,2,X86_64,8,64,1,32,4,64,1,256,16,64,4,8,3,LPDDR3,1866,4,33566,6.78262
IntelCorei76822EQ_LPDDR31866_4GB,2,X86_64,8,64,1,32,4,64,1,256,16,64,4,8,4,LPDDR3,1866,4,33566,6.78262
IntelCorei76822EQ_LPDDR31866_6GB,2,X86_64,8,64,1,32,4,64,1,256,16,64,4,8,6,LPDDR3,1866,4,33566,6.78262
IntelCorei76822EQ_DDR42133_2GB,2,X86_64,8,64,1,32,4,64,1,256,16,64,4,8,2,DDR4,2133,4,33620,6.77795
IntelCorei76822EQ_DDR42133_3GB,2,X86_64,8,64,1,32,4,64,1,256,16,64,4,8,3,DDR4,2133,4,33620,6.77795
IntelCorei76822EQ_DDR42133_4GB,2,X86_64,8,64,1,32,4,64,1,256,16,64,4,8,4,DDR4,2133,4,33620,6.77795
IntelCorei76822EQ_DDR42133_6GB,2,X86_64,8,64,1,32,4,64,1,256,16,64,4,8,6,DDR4,2133,4,33620,6.77795
IntelCorei76820EQ_LPDDR31866_2GB,2.8,X86_64,8,64,1,32,4,64,1,256,16,64,4,8,2,LPDDR3,1866,4,23999,5.60228
IntelCorei76820EQ_LPDDR31866_3GB,2.8,X86_64,8,64,1,32,4,64,1,256,16,64,4,8,3,LPDDR3,1866,4,23999,5.60228
IntelCorei76820EQ_LPDDR31866_4GB,2.8,X86_64,8,64,1,32,4,64,1,256,16,64,4,8,4,LPDDR3,1866,4,23999,5.60228
IntelCorei76820EQ_LPDDR31866_6GB,2.8,X86_64,8,64,1,32,4,64,1,256,16,64,4,8,6,LPDDR3,1866,4,23999,5.60228
IntelCorei76820EQ_DDR42133_2GB,2.8,X86_64,8,64,1,32,4,64,1,256,16,64,4,8,2,DDR4,2133,4,23989,5.60338
IntelCorei76820EQ_DDR42133_3GB,2.8,X86_64,8,64,1,32,4,64,1,256,16,64,4,8,3,DDR4,2133,4,23989,5.60338
IntelCorei76820EQ_DDR42133_4GB,2.8,X86_64,8,64,1,32,4,64,1,256,16,64,4,8,4,DDR4,2133,4,23989,5.60338
IntelCorei76820EQ_DDR42133_6GB,2.8,X86_64,8,64,1,32,4,64,1,256,16,64,4,8,6,DDR4,2133,4,23989,5.60338
IntelCorei76700HQ_DDR31600_2GB,2.6,X86_64,8,64,1,32,4,64,1,256,12,64,4,6,2,DDR3,1600,4,25881,5.83227
IntelCorei76700HQ_DDR31600_3GB,2.6,X86_64,8,64,1,32,4,64,1,256,12,64,4,6,3,DDR3,1600,4,25881,5.83227
IntelCorei76700HQ_DDR31600_4GB,2.6,X86_64,8,64,1,32,4,64,1,256,12,64,4,6,4,DDR3,1600,4,25881,5.83227
IntelCorei76700HQ_DDR31600_6GB,2.6,X86_64,8,64,1,32,4,64,1,256,12,64,4,6,6,DDR3,1600,4,25881,5.83227
IntelCorei58350U_DDR42400_2GB,1.7,X86_64,8,64,1,32,4,64,1,256,12,64,4,6,2,DDR4,2400,4,39551,7.50097
IntelCorei58350U_DDR42400_3GB,1.7,X86_64,8,64,1,32,4,64,1,256,12,64,4,6,3,DDR4,2400,4,39551,7.50097
IntelCorei58350U_DDR42400_4GB,1.7,X86_64,8,64,1,32,4,64,1,256,12,64,4,6,4,DDR4,2400,4,39551,7.50097
IntelCorei58350U_DDR42400_6GB,1.7,X86_64,8,64,1,32,4,64,1,256,12,64,4,6,6,DDR4,2400,4,39551,7.50097
IntelCorei58350U_LPDDR32133_2GB,1.7,X86_64,8,64,1,32,4,64,1,256,12,64,4,6,2,LPDDR3,2133,4,39518,7.503
IntelCorei58350U_LPDDR32133_3GB,1.7,X86_64,8,64,1,32,4,64,1,256,12,64,4,6,3,LPDDR3,2133,4,39518,7.503
IntelCorei58350U_LPDDR32133_4GB,1.7,X86_64,8,64,1,32,4,64,1,256,12,64,4,6,4,LPDDR3,2133,4,39518,7.503
IntelCorei58350U_LPDDR32133_6GB,1.7,X86_64,8,64,1,32,4,64,1,256,12,64,4,6,6,LPDDR3,2133,4,39518,7.503
IntelCorei57300U_DDR42133_2GB,2.6,X86_64,8,64,1,32,4,64,1,256,12,64,2,3,2,DDR4,2133,2,25907,4.51461
IntelCorei57300U_DDR42133_3GB,2.6,X86_64,8,64,1,32,4,64,1,256,12,64,2,3,3,DDR4,2133,2,25907,4.51461
IntelCorei57300U_DDR42133_4GB,2.6,X86_64,8,64,1,32,4,64,1,256,12,64,2,3,4,DDR4,2133,2,25907,4.51461
IntelCorei57300U_DDR42133_6GB,2.6,X86_64,8,64,1,32,4,64,1,256,12,64,2,3,6,DDR4,2133,2,25907,4.51461
IntelCorei57440EQ_DDR31600_2GB,2.9,X86_64,8,64,1,32,4,64,1,256,12,64,4,6,2,DDR3,1600,4,23235,5.50002
IntelCorei57440EQ_DDR31600_3GB,2.9,X86_64,8,64,1,32,4,64,1,256,12,64,4,6,3,DDR3,1600,4,23235,5.50002
IntelCorei57440EQ_DDR31600_4GB,2.9,X86_64,8,64,1,32,4,64,1,256,12,64,4,6,4,DDR3,1600,4,23235,5.50002
IntelCorei57440EQ_DDR31600_6GB,2.9,X86_64,8,64,1,32,4,64,1,256,12,64,4,6,6,DDR3,1600,4,23235,5.50002
IntelCorei57440EQ_DDR42400_2GB,2.9,X86_64,8,64,1,32,4,64,1,256,12,64,4,6,2,DDR4,2400,4,23208,5.50235
IntelCorei57440EQ_DDR42400_3GB,2.9,X86_64,8,64,1,32,4,64,1,256,12,64,4,6,3,DDR4,2400,4,23208,5.50235
IntelCorei57440EQ_DDR42400_4GB,2.9,X86_64,8,64,1,32,4,64,1,256,12,64,4,6,4,DDR4,2400,4,23208,5.50235
IntelCorei57440EQ_DDR42400_6GB,2.9,X86_64,8,64,1,32,4,64,1,256,12,64,4,6,6,DDR4,2400,4,23208,5.50235
IntelCorei57300HQ_LPDDR32133_2GB,2.5,X86_64,8,64,1,32,4,64,1,256,12,64,4,6,2,LPDDR3,2133,4,26885,5.95692
IntelCorei57300HQ_LPDDR32133_3GB,2.5,X86_64,8,64,1,32,4,64,1,256,12,64,4,6,3,LPDDR3,2133,4,26885,5.95692
IntelCorei57300HQ_LPDDR32133_4GB,2.5,X86_64,8,64,1,32,4,64,1,256,12,64,4,6,4,LPDDR3,2133,4,26885,5.95692
IntelCorei57300HQ_LPDDR32133_6GB,2.5,X86_64,8,64,1,32,4,64,1,256,12,64,4,6,6,LPDDR3,2133,4,26885,5.95692
IntelCorei56360U_DDR31600_2GB,2,X86_64,8,64,1,32,4,64,1,256,16,64,2,4,2,DDR3,1600,2,33628,5.46049
IntelCorei56360U_DDR31600_3GB,2,X86_64,8,64,1,32,4,64,1,256,16,64,2,4,3,DDR3,1600,2,33628,5.46049
IntelCorei56360U_DDR31600_4GB,2,X86_64,8,64,1,32,4,64,1,256,16,64,2,4,4,DDR3,1600,2,33628,5.46049
IntelCorei56360U_DDR31600_6GB,2,X86_64,8,64,1,32,4,64,1,256,16,64,2,4,6,DDR3,1600,2,33628,5.46049
IntelCorei56360U_LPDDR32133_2GB,2,X86_64,8,64,1,32,4,64,1,256,16,64,2,4,2,LPDDR3,2133,2,33566,5.46629
IntelCorei56360U_LPDDR32133_3GB,2,X86_64,8,64,1,32,4,64,1,256,16,64,2,4,3,LPDDR3,2133,2,33566,5.46629
IntelCorei56360U_LPDDR32133_4GB,2,X86_64,8,64,1,32,4,64,1,256,16,64,2,4,4,LPDDR3,2133,2,33566,5.46629
IntelCorei56360U_LPDDR32133_6GB,2,X86_64,8,64,1,32,4,64,1,256,16,64,2,4,6,LPDDR3,2133,2,33566,5.46629
IntelCorei56360U_DDR42133_2GB,2,X86_64,8,64,1,32,4,64,1,256,16,64,2,4,2,DDR4,2133,2,33620,5.46162
IntelCorei56360U_DDR42133_3GB,2,X86_64,8,64,1,32,4,64,1,256,16,64,2,4,3,DDR4,2133,2,33620,5.46162
IntelCorei56360U_DDR42133_4GB,2,X86_64,8,64,1,32,4,64,1,256,16,64,2,4,4,DDR4,2133,2,33620,5.46162
IntelCorei56360U_DDR42133_6GB,2,X86_64,8,64,1,32,4,64,1,256,16,64,2,4,6,DDR4,2133,2,33620,5.46162
IntelCorei56300U_LPDDR32133_2GB,2.4,X86_64,8,64,1,32,4,64,1,256,12,64,2,3,2,LPDDR3,2133,2,28053,4.77738
IntelCorei56300U_LPDDR32133_3GB,2.4,X86_64,8,64,1,32,4,64,1,256,12,64,2,3,3,LPDDR3,2133,2,28053,4.77738
IntelCorei56300U_LPDDR32133_4GB,2.4,X86_64,8,64,1,32,4,64,1,256,12,64,2,3,4,LPDDR3,2133,2,28053,4.77738
IntelCorei56300U_LPDDR32133_6GB,2.4,X86_64,8,64,1,32,4,64,1,256,12,64,2,3,6,LPDDR3,2133,2,28053,4.77738
IntelCorei56442EQ_DDR31600_2GB,1.9,X86_64,8,64,1,32,4,64,1,256,12,64,4,6,2,DDR3,1600,4,35367,6.99184
IntelCorei56442EQ_DDR31600_3GB,1.9,X86_64,8,64,1,32,4,64,1,256,12,64,4,6,3,DDR3,1600,4,35367,6.99184
IntelCorei56442EQ_DDR31600_4GB,1.9,X86_64,8,64,1,32,4,64,1,256,12,64,4,6,4,DDR3,1600,4,35367,6.99184
IntelCorei56442EQ_DDR31600_6GB,1.9,X86_64,8,64,1,32,4,64,1,256,12,64,4,6,6,DDR3,1600,4,35367,6.99184
IntelCorei56442EQ_LPDDR31866_2GB,1.9,X86_64,8,64,1,32,4,64,1,256,12,64,4,6,2,LPDDR3,1866,4,35338,6.99459
IntelCorei56442EQ_LPDDR31866_3GB,1.9,X86_64,8,64,1,32,4,64,1,256,12,64,4,6,3,LPDDR3,1866,4,35338,6.99459
IntelCorei56442EQ_LPDDR31866_4GB,1.9,X86_64,8,64,1,32,4,64,1,256,12,64,4,6,4,LPDDR3,1866,4,35338,6.99459
IntelCorei56442EQ_LPDDR31866_6GB,1.9,X86_64,8,64,1,32,4,64,1,256,12,64,4,6,6,LPDDR3,1866,4,35338,6.99459
IntelCorei56442EQ_DDR42133_2GB,1.9,X86_64,8,64,1,32,4,64,1,256,12,64,4,6,2,DDR4,2133,4,35367,6.99197
IntelCorei56442EQ_DDR42133_3GB,1.9,X86_64,8,64,1,32,4,64,1,256,12,64,4,6,3,DDR4,2133,4,35367,6.99197
IntelCorei56442EQ_DDR42133_4GB,1.9,X86_64,8,64,1,32,4,64,1,256,12,64,4,6,4,DDR4,2133,4,35367,6.99197
IntelCorei56442EQ_DDR42133_6GB,1.9,X86_64,8,64,1,32,4,64,1,256,12,64,4,6,6,DDR4,2133,4,35367,6.99197
IntelCorei56440EQ_LPDDR31866_2GB,2.7,X86_64,8,64,1,32,4,64,1,256,12,64,4,6,2,LPDDR3,1866,4,24896,5.70725
IntelCorei56440EQ_LPDDR31866_3GB,2.7,X86_64,8,64,1,32,4,64,1,256,12,64,4,6,3,LPDDR3,1866,4,24896,5.70725
IntelCorei56440EQ_LPDDR31866_4GB,2.7,X86_64,8,64,1,32,4,64,1,256,12,64,4,6,4,LPDDR3,1866,4,24896,5.70725
IntelCorei56440EQ_LPDDR31866_6GB,2.7,X86_64,8,64,1,32,4,64,1,256,12,64,4,6,6,LPDDR3,1866,4,24896,5.70725
IntelCorei56440EQ_DDR42133_2GB,2.7,X86_64,8,64,1,32,4,64,1,256,12,64,4,6,2,DDR4,2133,4,24898,5.70762
IntelCorei56440EQ_DDR42133_3GB,2.7,X86_64,8,64,1,32,4,64,1,256,12,64,4,6,3,DDR4,2133,4,24898,5.70762
IntelCorei56440EQ_DDR42133_4GB,2.7,X86_64,8,64,1,32,4,64,1,256,12,64,4,6,4,DDR4,2133,4,24898,5.70762
IntelCorei56440EQ_DDR42133_6GB,2.7,X86_64,8,64,1,32,4,64,1,256,12,64,4,6,6,DDR4,2133,4,24898,5.70762
IntelCorei38130U_DDR42400_2GB,2.2,X86_64,8,64,1,32,4,64,1,256,16,64,2,4,2,DDR4,2400,2,30610,5.09064
IntelCorei38130U_DDR42400_3GB,2.2,X86_64,8,64,1,32,4,64,1,256,16,64,2,4,3,DDR4,2400,2,30610,5.09064
IntelCorei38130U_DDR42400_4GB,2.2,X86_64,8,64,1,32,4,64,1,256,16,64,2,4,4,DDR4,2400,2,30610,5.09064
IntelCorei38130U_DDR42400_6GB,2.2,X86_64,8,64,1,32,4,64,1,256,16,64,2,4,6,DDR4,2400,2,30610,5.09064
IntelCorei38130U_LPDDR32133_2GB,2.2,X86_64,8,64,1,32,4,64,1,256,16,64,2,4,2,LPDDR3,2133,2,30577,5.09251
IntelCorei38130U_LPDDR32133_3GB,2.2,X86_64,8,64,1,32,4,64,1,256,16,64,2,4,3,LPDDR3,2133,2,30577,5.09251
IntelCorei38130U_LPDDR32133_4GB,2.2,X86_64,8,64,1,32,4,64,1,256,16,64,2,4,4,LPDDR3,2133,2,30577,5.09251
IntelCorei38130U_LPDDR32133_6GB,2.2,X86_64,8,64,1,32,4,64,1,256,16,64,2,4,6,LPDDR3,2133,2,30577,5.09251
IntelCorei37100U_DDR31600_2GB,2.4,X86_64,8,64,1,32,4,64,1,256,12,64,2,3,2,DDR3,1600,2,28048,4.77789
IntelCorei37100U_DDR31600_3GB,2.4,X86_64,8,64,1,32,4,64,1,256,12,64,2,3,3,DDR3,1600,2,28048,4.77789
IntelCorei37100U_DDR31600_4GB,2.4,X86_64,8,64,1,32,4,64,1,256,12,64,2,3,4,DDR3,1600,2,28048,4.77789
IntelCorei37167U_DDR31600_2GB,2.8,X86_64,8,64,1,32,4,64,1,256,12,64,2,3,2,DDR3,1600,2,23980,4.28752
IntelCorei37167U_DDR31600_3GB,2.8,X86_64,8,64,1,32,4,64,1,256,12,64,2,3,3,DDR3,1600,2,23980,4.28752
IntelCorei37167U_DDR31600_4GB,2.8,X86_64,8,64,1,32,4,64,1,256,12,64,2,3,4,DDR3,1600,2,23980,4.28752
IntelCorei37167U_DDR31600_6GB,2.8,X86_64,8,64,1,32,4,64,1,256,12,64,2,3,6,DDR3,1600,2,23980,4.28752
IntelCorei37167U_LPDDR31866_2GB,2.8,X86_64,8,64,1,32,4,64,1,256,12,64,2,3,2,LPDDR3,1866,2,23999,4.28596
IntelCorei37167U_LPDDR31866_3GB,2.8,X86_64,8,64,1,32,4,64,1,256,12,64,2,3,3,LPDDR3,1866,2,23999,4.28596
IntelCorei37167U_LPDDR31866_4GB,2.8,X86_64,8,64,1,32,4,64,1,256,12,64,2,3,4,LPDDR3,1866,2,23999,4.28596
IntelCorei37167U_DDR42133_2GB,2.8,X86_64,8,64,1,32,4,64,1,256,12,64,2,3,2,DDR4,2133,2,23989,4.28705
IntelCorei37167U_DDR42133_3GB,2.8,X86_64,8,64,1,32,4,64,1,256,12,64,2,3,3,DDR4,2133,2,23989,4.28705
IntelCorei37167U_DDR42133_4GB,2.8,X86_64,8,64,1,32,4,64,1,256,12,64,2,3,4,DDR4,2133,2,23989,4.28705
IntelCorei37102E_DDR31600_2GB,2.1,X86_64,8,64,1,32,4,64,1,256,12,64,2,3,2,DDR3,1600,2,32075,5.25802
IntelCorei37102E_DDR31600_3GB,2.1,X86_64,8,64,1,32,4,64,1,256,12,64,2,3,3,DDR3,1600,2,32075,5.25802
IntelCorei37102E_DDR31600_4GB,2.1,X86_64,8,64,1,32,4,64,1,256,12,64,2,3,4,DDR3,1600,2,32075,5.25802
IntelCorei37102E_DDR31600_6GB,2.1,X86_64,8,64,1,32,4,64,1,256,12,64,2,3,6,DDR3,1600,2,32075,5.25802
IntelCorei37102E_DDR42133_2GB,2.1,X86_64,8,64,1,32,4,64,1,256,12,64,2,3,2,DDR4,2133,2,32022,5.26325
IntelCorei37102E_DDR42133_3GB,2.1,X86_64,8,64,1,32,4,64,1,256,12,64,2,3,3,DDR4,2133,2,32022,5.26325
IntelCorei37102E_DDR42133_4GB,2.1,X86_64,8,64,1,32,4,64,1,256,12,64,2,3,4,DDR4,2133,2,32022,5.26325
IntelCorei37102E_DDR42133_6GB,2.1,X86_64,8,64,1,32,4,64,1,256,12,64,2,3,6,DDR4,2133,2,32022,5.26325
IntelCorei36100U_LPDDR31600_2GB,2.3,X86_64,8,64,1,32,4,64,1,256,12,64,2,3,2,LPDDR3,1600,2,29235,4.92765
IntelCorei36100U_LPDDR31600_3GB,2.3,X86_64,8,64,1,32,4,64,1,256,12,64,2,3,3,LPDDR3,1600,2,29235,4.92765
IntelCorei36100U_LPDDR31600_4GB,2.3,X86_64,8,64,1,32,4,64,1,256,12,64,2,3,4,LPDDR3,1600,2,29235,4.92765
IntelCorei36100U_LPDDR31600_6GB,2.3,X86_64,8,64,1,32,4,64,1,256,12,64,2,3,6,LPDDR3,1600,2,29235,4.92765
IntelCorei36100U_LPDDR31866_2GB,2.3,X86_64,8,64,1,32,4,64,1,256,12,64,2,3,2,LPDDR3,1866,2,29221,4.92939
IntelCorei36100U_LPDDR31866_3GB,2.3,X86_64,8,64,1,32,4,64,1,256,12,64,2,3,3,LPDDR3,1866,2,29221,4.92939
IntelCorei36100U_LPDDR31866_4GB,2.3,X86_64,8,64,1,32,4,64,1,256,12,64,2,3,4,LPDDR3,1866,2,29221,4.92939
IntelCorei36100U_LPDDR31866_6GB,2.3,X86_64,8,64,1,32,4,64,1,256,12,64,2,3,6,LPDDR3,1866,2,29221,4.92939
IntelCorei36100U_DDR41866_2GB,2.3,X86_64,8,64,1,32,4,64,1,256,12,64,2,3,2,DDR4,1866,2,29241,4.9274
IntelCorei36100U_DDR41866_3GB,2.3,X86_64,8,64,1,32,4,64,1,256,12,64,2,3,3,DDR4,1866,2,29241,4.9274
IntelCorei36100U_DDR41866_4GB,2.3,X86_64,8,64,1,32,4,64,1,256,12,64,2,3,4,DDR4,1866,2,29241,4.9274
IntelCorei36100U_DDR41866_6GB,2.3,X86_64,8,64,1,32,4,64,1,256,12,64,2,3,6,DDR4,1866,2,29241,4.9274
IntelCorei36167U_LPDDR31600_2GB,2.7,X86_64,8,64,1,32,4,64,1,256,12,64,2,3,2,LPDDR3,1600,2,24871,4.39303
IntelCorei36167U_LPDDR31600_3GB,2.7,X86_64,8,64,1,32,4,64,1,256,12,64,2,3,3,LPDDR3,1600,2,24871,4.39303
IntelCorei36167U_LPDDR31600_4GB,2.7,X86_64,8,64,1,32,4,64,1,256,12,64,2,3,4,LPDDR3,1600,2,24871,4.39303
IntelCorei36167U_LPDDR31600_6GB,2.7,X86_64,8,64,1,32,4,64,1,256,12,64,2,3,6,LPDDR3,1600,2,24871,4.39303
IntelCorei36167U_DDR41866_2GB,2.7,X86_64,8,64,1,32,4,64,1,256,12,64,2,3,2,DDR4,1866,2,24898,4.39133
IntelCorei36167U_DDR41866_3GB,2.7,X86_64,8,64,1,32,4,64,1,256,12,64,2,3,3,DDR4,1866,2,24898,4.39133
IntelCorei36167U_DDR41866_4GB,2.7,X86_64,8,64,1,32,4,64,1,256,12,64,2,3,4,DDR4,1866,2,24898,4.39133
IntelCorei36167U_DDR41866_6GB,2.7,X86_64,8,64,1,32,4,64,1,256,12,64,2,3,6,DDR4,1866,2,24898,4.39133
AdvMicDevRyzen31200_DDR42666_2GB,3.1,X86_64,8,64,1,32,8,64,1,512,16,64,4,8,2,DDR4,2666,4,21691,5.23785
AdvMicDevRyzen31200_DDR42666_3GB,3.1,X86_64,8,64,1,32,8,64,1,512,16,64,4,8,3,DDR4,2666,4,21691,5.23785
AdvMicDevRyzen31200_DDR42666_4GB,3.1,X86_64,8,64,1,32,8,64,1,512,16,64,4,8,4,DDR4,2666,4,21691,5.23785
AdvMicDevRyzen31200_DDR42666_6GB,3.1,X86_64,8,64,1,32,8,64,1,512,16,64,4,8,6,DDR4,2666,4,21691,5.23785
AdvMicDevRyzen51500X_DDR42666_2GB,3.5,X86_64,8,64,1,32,8,64,1,512,16,64,4,16,2,DDR4,2666,4,19241,4.94034
AdvMicDevRyzen51500X_DDR42666_3GB,3.5,X86_64,8,64,1,32,8,64,1,512,16,64,4,16,3,DDR4,2666,4,19241,4.94034
AdvMicDevRyzen51500X_DDR42666_4GB,3.5,X86_64,8,64,1,32,8,64,1,512,16,64,4,16,4,DDR4,2666,4,19241,4.94034
AdvMicDevRyzen51500X_DDR42666_6GB,3.5,X86_64,8,64,1,32,8,64,1,512,16,64,4,16,6,DDR4,2666,4,19241,4.94034
AdvMicDevRyzen51600X_DDR42666_2GB,3.6,X86_64,8,64,1,32,8,64,1,512,16,64,6,16,2,DDR4,2666,6,18692,6.19406
AdvMicDevRyzen51600X_DDR42666_3GB,3.6,X86_64,8,64,1,32,8,64,1,512,16,64,6,16,3,DDR4,2666,6,18692,6.19406
AdvMicDevRyzen51600X_DDR42666_4GB,3.6,X86_64,8,64,1,32,8,64,1,512,16,64,6,16,4,DDR4,2666,6,18692,6.19406
AdvMicDevRyzen51600X_DDR42666_6GB,3.6,X86_64,8,64,1,32,8,64,1,512,16,64,6,16,6,DDR4,2666,6,18692,6.19406
AdvMicDevRyzen51700X_DDR42666_2GB,3.4,X86_64,8,64,1,32,8,64,1,512,16,64,8,16,2,DDR4,2666,8,19788,7.63636
AdvMicDevRyzen51700X_DDR42666_3GB,3.4,X86_64,8,64,1,32,8,64,1,512,16,64,8,16,3,DDR4,2666,8,19788,7.63636
AdvMicDevRyzen51700X_DDR42666_4GB,3.4,X86_64,8,64,1,32,8,64,1,512,16,64,8,16,4,DDR4,2666,8,19788,7.63636
AdvMicDevRyzen51700X_DDR42666_6GB,3.4,X86_64,8,64,1,32,8,64,1,512,16,64,8,16,6,DDR4,2666,8,19788,7.63636
AdvMicDevRyzen32200U_DDR42400_2GB,2.5,X86_64,8,64,1,32,8,64,1,512,16,64,2,4,2,DDR4,2400,2,26911,4.53078
AdvMicDevRyzen32200U_DDR42400_3GB,2.5,X86_64,8,64,1,32,8,64,1,512,16,64,2,4,3,DDR4,2400,2,26911,4.53078
AdvMicDevRyzen32200U_DDR42400_4GB,2.5,X86_64,8,64,1,32,8,64,1,512,16,64,2,4,4,DDR4,2400,2,26911,4.53078
AdvMicDevRyzen32200U_DDR42400_6GB,2.5,X86_64,8,64,1,32,8,64,1,512,16,64,2,4,6,DDR4,2400,2,26911,4.53078
AdvMicDevRyzen52500U_DDR42400_2GB,2,X86_64,8,64,1,32,8,64,1,512,16,64,4,4,2,DDR4,2400,4,33636,6.64269
AdvMicDevRyzen52500U_DDR42400_3GB,2,X86_64,8,64,1,32,8,64,1,512,16,64,4,4,3,DDR4,2400,4,33636,6.64269
AdvMicDevRyzen52500U_DDR42400_4GB,2,X86_64,8,64,1,32,8,64,1,512,16,64,4,4,4,DDR4,2400,4,33636,6.64269
AdvMicDevRyzen52500U_DDR42400_6GB,2,X86_64,8,64,1,32,8,64,1,512,16,64,4,4,6,DDR4,2400,4,33636,6.64269
AdvMicDevEpyc7251_DDR42400_2GB,2.1,X86_64,8,64,1,32,8,64,1,512,16,64,8,32,2,DDR4,2400,8,32022,9.08447
AdvMicDevEpyc7251_DDR42400_3GB,2.1,X86_64,8,64,1,32,8,64,1,512,16,64,8,32,3,DDR4,2400,8,32022,9.08447
AdvMicDevEpyc7251_DDR42400_4GB,2.1,X86_64,8,64,1,32,8,64,1,512,16,64,8,32,4,DDR4,2400,8,32022,9.08447
AdvMicDevEpyc7251_DDR42400_6GB,2.1,X86_64,8,64,1,32,8,64,1,512,16,64,8,32,6,DDR4,2400,8,32022,9.08447
AdvMicDevBuldzrFX8100_DDR31866_2GB,2.8,X86_64,4,64,1,16,16,64,1,1024,64,64,8,8,2,DDR3,1866,8,24018,7.9987
AdvMicDevBuldzrFX8100_DDR31866_3GB,2.8,X86_64,4,64,1,16,16,64,1,1024,64,64,8,8,3,DDR3,1866,8,24018,7.9987
AdvMicDevBuldzrFX8100_DDR31866_4GB,2.8,X86_64,4,64,1,16,16,64,1,1024,64,64,8,8,4,DDR3,1866,8,24018,7.9987
AdvMicDevBuldzrFX8100_DDR31866_6GB,2.8,X86_64,4,64,1,16,16,64,1,1024,64,64,8,8,6,DDR3,1866,8,24018,7.9987
AdvMicDevBuldzrFX8170_DDR31866_2GB,3.9,X86_64,4,64,1,16,16,64,1,1024,64,64,8,8,2,DDR3,1866,8,17245,7.2329
AdvMicDevBuldzrFX8170_DDR31866_3GB,3.9,X86_64,4,64,1,16,16,64,1,1024,64,64,8,8,3,DDR3,1866,8,17245,7.2329
AdvMicDevBuldzrFX8170_DDR31866_4GB,3.9,X86_64,4,64,1,16,16,64,1,1024,64,64,8,8,4,DDR3,1866,8,17245,7.2329
AdvMicDevBuldzrFX8170_DDR31866_6GB,3.9,X86_64,4,64,1,16,16,64,1,1024,64,64,8,8,6,DDR3,1866,8,17245,7.2329
AdvMicDevBuldzrFX6100_DDR31866_2GB,3.3,X86_64,4,64,1,16,16,64,1,1024,64,64,6,8,2,DDR3,1866,6,20350,6.27718
AdvMicDevBuldzrFX6100_DDR31866_3GB,3.3,X86_64,4,64,1,16,16,64,1,1024,64,64,6,8,3,DDR3,1866,6,20350,6.27718
AdvMicDevBuldzrFX6100_DDR31866_4GB,3.3,X86_64,4,64,1,16,16,64,1,1024,64,64,6,8,4,DDR3,1866,6,20350,6.27718
AdvMicDevBuldzrFX6100_DDR31866_6GB,3.3,X86_64,4,64,1,16,16,64,1,1024,64,64,6,8,6,DDR3,1866,6,20350,6.27718
AdvMicDevBuldzrFX6130_DDR31866_2GB,3.6,X86_64,4,64,1,16,16,64,1,1024,64,64,6,8,2,DDR3,1866,6,18693,6.0857
AdvMicDevBuldzrFX6130_DDR31866_3GB,3.6,X86_64,4,64,1,16,16,64,1,1024,64,64,6,8,3,DDR3,1866,6,18693,6.0857
AdvMicDevBuldzrFX6130_DDR31866_4GB,3.6,X86_64,4,64,1,16,16,64,1,1024,64,64,6,8,4,DDR3,1866,6,18693,6.0857
AdvMicDevBuldzrFX6130_DDR31866_6GB,3.6,X86_64,4,64,1,16,16,64,1,1024,64,64,6,8,6,DDR3,1866,6,18693,6.0857
AdvMicDevBuldzrFX4100_DDR31866_2GB,3.6,X86_64,4,64,1,16,16,64,1,1024,64,64,4,4,2,DDR3,1866,4,18693,4.76937
AdvMicDevBuldzrFX4100_DDR31866_3GB,3.6,X86_64,4,64,1,16,16,64,1,1024,64,64,4,4,3,DDR3,1866,4,18693,4.76937
AdvMicDevBuldzrFX4100_DDR31866_4GB,3.6,X86_64,4,64,1,16,16,64,1,1024,64,64,4,4,4,DDR3,1866,4,18693,4.76937
AdvMicDevBuldzrFX4100_DDR31866_6GB,3.6,X86_64,4,64,1,16,16,64,1,1024,64,64,4,4,6,DDR3,1866,4,18693,4.76937
AdvMicDevBuldzrFX4170_DDR31866_2GB,4.2,X86_64,4,64,1,16,16,64,1,1024,64,64,4,8,2,DDR3,1866,4,16016,4.46575
AdvMicDevBuldzrFX4170_DDR31866_3GB,4.2,X86_64,4,64,1,16,16,64,1,1024,64,64,4,8,3,DDR3,1866,4,16016,4.46575
AdvMicDevBuldzrFX4170_DDR31866_4GB,4.2,X86_64,4,64,1,16,16,64,1,1024,64,64,4,8,4,DDR3,1866,4,16016,4.46575
AdvMicDevBuldzrFX4170_DDR31866_6GB,4.2,X86_64,4,64,1,16,16,64,1,1024,64,64,4,8,6,DDR3,1866,4,16016,4.46575
AdvMicDevPileDrvFX9590_DDR31866_2GB,4.7,X86_64,4,64,1,16,16,64,1,1024,64,64,4,8,2,DDR3,1866,4,14326,4.27747
AdvMicDevPileDrvFX9590_DDR31866_3GB,4.7,X86_64,4,64,1,16,16,64,1,1024,64,64,4,8,3,DDR3,1866,4,14326,4.27747
AdvMicDevPileDrvFX9590_DDR31866_4GB,4.7,X86_64,4,64,1,16,16,64,1,1024,64,64,4,8,4,DDR3,1866,4,14326,4.27747
AdvMicDevPileDrvFX8350_DDR31866_2GB,4,X86_64,4,64,1,16,16,64,1,1024,64,64,4,8,2,DDR3,1866,4,16809,4.55764
AdvMicDevPileDrvFX8350_DDR31866_3GB,4,X86_64,4,64,1,16,16,64,1,1024,64,64,4,8,3,DDR3,1866,4,16809,4.55764
AdvMicDevPileDrvFX8350_DDR31866_4GB,4,X86_64,4,64,1,16,16,64,1,1024,64,64,4,8,4,DDR3,1866,4,16809,4.55764
AdvMicDevPileDrvFX8300_DDR31866_2GB,3.3,X86_64,4,64,1,16,16,64,1,1024,64,64,4,8,2,DDR3,1866,4,20350,4.96084
AdvMicDevPileDrvFX8300_DDR31866_3GB,3.3,X86_64,4,64,1,16,16,64,1,1024,64,64,4,8,3,DDR3,1866,4,20350,4.96084
AdvMicDevPileDrvFX8300_DDR31866_4GB,3.3,X86_64,4,64,1,16,16,64,1,1024,64,64,4,8,4,DDR3,1866,4,20350,4.96084
AdvMicDevPileDrvFX6300_DDR31866_2GB,3.5,X86_64,4,64,1,16,16,64,1,1024,64,64,3,8,2,DDR3,1866,3,19238,4.17116
AdvMicDevPileDrvFX6300_DDR31866_3GB,3.5,X86_64,4,64,1,16,16,64,1,1024,64,64,3,8,3,DDR3,1866,3,19238,4.17116
AdvMicDevPileDrvFX6300_DDR31866_4GB,3.5,X86_64,4,64,1,16,16,64,1,1024,64,64,3,8,4,DDR3,1866,3,19238,4.17116
AdvMicDevPileDrvFX6300_DDR31866_6GB,3.5,X86_64,4,64,1,16,16,64,1,1024,64,64,3,8,6,DDR3,1866,3,19238,4.17116
AdvMicDevPileDrvFX4300_DDR31866_2GB,3.8,X86_64,4,64,1,16,16,64,1,1024,64,64,2,4,2,DDR3,1866,2,17693,3.33889
AdvMicDevPileDrvFX4300_DDR31866_3GB,3.8,X86_64,4,64,1,16,16,64,1,1024,64,64,2,4,3,DDR3,1866,2,17693,3.33889
AdvMicDevPileDrvFX4300_DDR31866_4GB,3.8,X86_64,4,64,1,16,16,64,1,1024,64,64,2,4,4,DDR3,1866,2,17693,3.33889
AdvMicDevPileDrvFX4300_DDR31866_6GB,3.8,X86_64,4,64,1,16,16,64,1,1024,64,64,2,4,6,DDR3,1866,2,17693,3.33889
AdvMicDevPileDrvA45300_DDR31600_2GB,3.4,X86_64,4,64,1,16,16,64,1,1024,64,64,1,4,2,DDR3,1600,1,19785,2.91461
AdvMicDevPileDrvA45300_DDR31600_3GB,3.4,X86_64,4,64,1,16,16,64,1,1024,64,64,1,4,3,DDR3,1600,1,19785,2.91461
AdvMicDevPileDrvA45300_DDR31600_4GB,3.4,X86_64,4,64,1,16,16,64,1,1024,64,64,1,4,4,DDR3,1600,1,19785,2.91461
AdvMicDevPileDrvA45300_DDR31600_6GB,3.4,X86_64,4,64,1,16,16,64,1,1024,64,64,1,4,6,DDR3,1600,1,19785,2.91461
ARM_QcomSnpS4_MSM8227_LPDDR2400_2GB,1,ARM,8,64,1,4,8,64,1,16,16,64,2,1,2,LPDDR2,400,2,44150,0.891669
ARM_QcomSnpS4_MSM8227_LPDDR2400_3GB,1,ARM,8,64,1,4,8,64,1,16,16,64,2,1,3,LPDDR2,400,2,44150,0.891669
ARM_QcomSnpS4_MSM8227_LPDDR2400_4GB,1,ARM,8,64,1,4,8,64,1,16,16,64,2,1,4,LPDDR2,400,2,44150,0.891669
ARM_QcomSnpS4_MSM8227_LPDDR2400_6GB,1,ARM,8,64,1,4,8,64,1,16,16,64,2,1,6,LPDDR2,400,2,44150,0.891669
ARM_QcomSnpS4_APQ8030_LPDDR2533_2GB,1.2,ARM,8,64,1,4,8,64,1,16,16,64,2,1,2,LPDDR2,533,2,36773,0.73107
ARM_QcomSnpS4_APQ8030_LPDDR2533_3GB,1.2,ARM,8,64,1,4,8,64,1,16,16,64,2,1,3,LPDDR2,533,2,36773,0.73107
ARM_QcomSnpS4_APQ8030_LPDDR2533_4GB,1.2,ARM,8,64,1,4,8,64,1,16,16,64,2,1,4,LPDDR2,533,2,36773,0.73107
ARM_QcomSnpS4_APQ8030_LPDDR2533_6GB,1.2,ARM,8,64,1,4,8,64,1,16,16,64,2,1,6,LPDDR2,533,2,36773,0.73107
ARM_QcomSnpS4_APQ8060A_LPDDR2533_2GB,1.5,ARM,8,64,1,4,8,64,1,16,16,64,2,1,2,LPDDR2,533,2,29454,0.576833
ARM_QcomSnpS4_APQ8060A_LPDDR2533_3GB,1.5,ARM,8,64,1,4,8,64,1,16,16,64,2,1,3,LPDDR2,533,2,29454,0.576833
ARM_QcomSnpS4_APQ8060A_LPDDR2533_4GB,1.5,ARM,8,64,1,4,8,64,1,16,16,64,2,1,4,LPDDR2,533,2,29454,0.576833
ARM_QcomSnpS4_APQ8060A_LPDDR2533_6GB,1.5,ARM,8,64,1,4,8,64,1,16,16,64,2,1,6,LPDDR2,533,2,29454,0.576833
ARM_QcomSnpS4_MSM8960T_LPDDR2533_2GB,1.7,ARM,8,64,1,4,8,64,1,16,16,64,2,1,2,LPDDR2,533,2,25964,0.505449
ARM_QcomSnpS4_MSM8960T_LPDDR2533_3GB,1.7,ARM,8,64,1,4,8,64,1,16,16,64,2,1,3,LPDDR2,533,2,25964,0.505449
ARM_QcomSnpS4_MSM8960T_LPDDR2533_4GB,1.7,ARM,8,64,1,4,8,64,1,16,16,64,2,1,4,LPDDR2,533,2,25964,0.505449
ARM_QcomSnpS4_MSM8960T_LPDDR2533_6GB,1.7,ARM,8,64,1,4,8,64,1,16,16,64,2,1,6,LPDDR2,533,2,25964,0.505449
ARM_QcomSnpS4_APQ8064_LPDDR2533_2GB,1.5,ARM,8,64,1,4,8,64,1,16,16,64,4,2,2,LPDDR2,533,4,29454,0.576833
ARM_QcomSnpS4_APQ8064_LPDDR2533_3GB,1.5,ARM,8,64,1,4,8,64,1,16,16,64,4,2,3,LPDDR2,533,4,29454,0.576833
ARM_QcomSnpS4_APQ8064_LPDDR2533_4GB,1.5,ARM,8,64,1,4,8,64,1,16,16,64,4,2,4,LPDDR2,533,4,29454,0.576833
ARM_QcomSnpS4_APQ8064_LPDDR2533_6GB,1.5,ARM,8,64,1,4,8,64,1,16,16,64,4,2,6,LPDDR2,533,4,29454,0.576833
ARM_QcomSnpS4_APQ8064M_LPDDR2533_2GB,1.7,ARM,8,64,1,4,8,64,1,16,16,64,4,2,2,LPDDR2,533,4,25964,0.505449
ARM_QcomSnpS4_APQ8064M_LPDDR2533_3GB,1.7,ARM,8,64,1,4,8,64,1,16,16,64,4,2,3,LPDDR2,533,4,25964,0.505449
ARM_QcomSnpS4_APQ8064M_LPDDR2533_4GB,1.7,ARM,8,64,1,4,8,64,1,16,16,64,4,2,4,LPDDR2,533,4,25964,0.505449
ARM_QcomSnpS4_APQ8064M_LPDDR2533_6GB,1.7,ARM,8,64,1,4,8,64,1,16,16,64,4,2,6,LPDDR2,533,4,25964,0.505449
ARM_QcomSnpS4_APQ8064AB_LPDDR2667_2GB,1.9,ARM,8,64,1,4,8,64,1,16,16,64,4,2,2,LPDDR2,667,4,23229,0.450249
ARM_QcomSnpS4_APQ8064AB_LPDDR2667_3GB,1.9,ARM,8,64,1,4,8,64,1,16,16,64,4,2,3,LPDDR2,667,4,23229,0.450249
ARM_QcomSnpS4_APQ8064AB_LPDDR2667_4GB,1.9,ARM,8,64,1,4,8,64,1,16,16,64,4,2,4,LPDDR2,667,4,23229,0.450249
ARM_QcomSnpS4_APQ8064AB_LPDDR2667_6GB,1.9,ARM,8,64,1,4,8,64,1,16,16,64,4,2,6,LPDDR2,667,4,23229,0.450249
ARM_QcomSnpS4_APQ8064AB_LPDDR2667_7GB,1.9,ARM,8,64,1,4,8,64,1,16,16,64,4,2,7,LPDDR2,667,4,23229,0.450249
ARM_QcomSnpS4_APQ8074AA_LPDDR2800_2GB,2.26,ARM,8,64,1,4,8,64,1,16,16,64,4,2,2,LPDDR2,800,4,19522,0.37672
ARM_QcomSnpS4_APQ8074AA_LPDDR2800_3GB,2.26,ARM,8,64,1,4,8,64,1,16,16,64,4,2,3,LPDDR2,800,4,19522,0.37672
ARM_QcomSnpS4_APQ8074AA_LPDDR2800_4GB,2.26,ARM,8,64,1,4,8,64,1,16,16,64,4,2,4,LPDDR2,800,4,19522,0.37672
ARM_QcomSnpS4_APQ8074AA_LPDDR2800_6GB,2.26,ARM,8,64,1,4,8,64,1,16,16,64,4,2,6,LPDDR2,800,4,19522,0.37672
ARM_QcomSnpS4_APQ8074AA_LPDDR2800_7GB,2.26,ARM,8,64,1,4,8,64,1,16,16,64,4,2,7,LPDDR2,800,4,19522,0.37672
ARM_QcomSnpS4_APQ8074AB_LPDDR2933_2GB,2.36,ARM,8,64,1,4,8,64,1,16,16,64,4,2,2,LPDDR2,933,4,18729,0.361169
ARM_QcomSnpS4_APQ8074AB_LPDDR2933_3GB,2.36,ARM,8,64,1,4,8,64,1,16,16,64,4,2,3,LPDDR2,933,4,18729,0.361169
ARM_QcomSnpS4_APQ8074AB_LPDDR2933_4GB,2.36,ARM,8,64,1,4,8,64,1,16,16,64,4,2,4,LPDDR2,933,4,18729,0.361169
ARM_QcomSnpS4_APQ8074AB_LPDDR2933_6GB,2.36,ARM,8,64,1,4,8,64,1,16,16,64,4,2,6,LPDDR2,933,4,18729,0.361169
ARM_QcomSnpS4_APQ8084_LPDDR2800_2GB,2.7,ARM,8,64,1,4,8,64,1,16,16,64,4,2,2,LPDDR2,800,4,16346,0.314841
ARM_QcomSnpS4_APQ8084_LPDDR2800_3GB,2.7,ARM,8,64,1,4,8,64,1,16,16,64,4,2,3,LPDDR2,800,4,16346,0.314841
ARM_QcomSnpS4_APQ8084_LPDDR2800_4GB,2.7,ARM,8,64,1,4,8,64,1,16,16,64,4,2,4,LPDDR2,800,4,16346,0.314841
ARM_QcomSnpS4_APQ8084_LPDDR2800_6GB,2.7,ARM,8,64,1,4,8,64,1,16,16,64,4,2,6,LPDDR2,800,4,16346,0.314841
ARM_QcomSnpS4_APQ8084_LPDDR2800_7GB,2.7,ARM,8,64,1,4,8,64,1,16,16,64,4,2,7,LPDDR2,800,4,16346,0.314841
ARM_QcomSnpS4_MSM8992_LPDDR2933_2GB,1.5,ARM,8,64,1,64,8,64,1,128,12,64,6,3,2,LPDDR2,933,6,29145,0.586983
ARM_QcomSnpS4_MSM8992_LPDDR2933_3GB,1.5,ARM,8,64,1,64,8,64,1,128,12,64,6,3,3,LPDDR2,933,6,29145,0.586983
ARM_QcomSnpS4_MSM8992_LPDDR2933_4GB,1.5,ARM,8,64,1,64,8,64,1,128,12,64,6,3,4,LPDDR2,933,6,29145,0.586983
ARM_QcomSnpS4_MSM8992_LPDDR2933_6GB,1.5,ARM,8,64,1,64,8,64,1,128,12,64,6,3,6,LPDDR2,933,6,29145,0.586983
ARM_QcomSnpS4_MSM8992_LPDDR2933_7GB,1.5,ARM,8,64,1,64,8,64,1,128,12,64,6,3,7,LPDDR2,933,6,29145,0.586983
ARM_QcomSnpS4_MSM8994_LPDDR31600_2GB,1.75,ARM,8,64,1,64,8,64,1,128,12,64,8,3,2,LPDDR3,1600,8,24952,0.499007
ARM_QcomSnpS4_MSM8994_LPDDR31600_3GB,1.75,ARM,8,64,1,64,8,64,1,128,12,64,8,3,3,LPDDR3,1600,8,24952,0.499007
ARM_QcomSnpS4_MSM8994_LPDDR31600_4GB,1.75,ARM,8,64,1,64,8,64,1,128,12,64,8,3,4,LPDDR3,1600,8,24952,0.499007
ARM_QcomSnpS4_MSM8994_LPDDR31600_6GB,1.75,ARM,8,64,1,64,8,64,1,128,12,64,8,3,6,LPDDR3,1600,8,24952,0.499007
ARM_QcomSnpS4_MSM8996_LPDDR31866_2GB,1.75,ARM,8,64,1,4,8,64,1,16,16,64,4,2,2,LPDDR3,1866,4,25212,0.490452
ARM_QcomSnpS4_MSM8996_LPDDR31866_3GB,1.75,ARM,8,64,1,4,8,64,1,16,16,64,4,2,3,LPDDR3,1866,4,25212,0.490452
ARM_QcomSnpS4_MSM8996_LPDDR31866_4GB,1.75,ARM,8,64,1,4,8,64,1,16,16,64,4,2,4,LPDDR3,1866,4,25212,0.490452
ARM_QcomSnpS4_MSM8996_LPDDR31866_6GB,1.75,ARM,8,64,1,4,8,64,1,16,16,64,4,2,6,LPDDR3,1866,4,25212,0.490452
ARM_AppleA10_APL1W24_LPDDR31600_2GB,2.34,ARM,8,64,1,64,8,64,1,1024,16,64,4,4,2,LPDDR3,1600,4,18664,0.370311
ARM_AppleA10_APL1W24_LPDDR31600_3GB,2.34,ARM,8,64,1,64,8,64,1,1024,16,64,4,4,3,LPDDR3,1600,4,18664,0.370311
ARM_AppleA10_APL1W24_LPDDR31600_4GB,2.34,ARM,8,64,1,64,8,64,1,1024,16,64,4,4,4,LPDDR3,1600,4,18664,0.370311
ARM_AppleA10_APL1W24_LPDDR31600_6GB,2.34,ARM,8,64,1,64,8,64,1,1024,16,64,4,4,6,LPDDR3,1600,4,18664,0.370311
ARM_AppleA9_APL0898_LPDDR31600_2GB,1.85,ARM,8,64,1,64,8,64,1,1024,16,64,2,4,2,LPDDR3,1600,2,23640,0.471868
ARM_AppleA9_APL0898_LPDDR31600_3GB,1.85,ARM,8,64,1,64,8,64,1,1024,16,64,2,4,3,LPDDR3,1600,2,23640,0.471868
ARM_AppleA9_APL0898_LPDDR31600_4GB,1.85,ARM,8,64,1,64,8,64,1,1024,16,64,2,4,4,LPDDR3,1600,2,23640,0.471868
ARM_AppleA9_APL0898_LPDDR31600_6GB,1.85,ARM,8,64,1,64,8,64,1,1024,16,64,2,4,6,LPDDR3,1600,2,23640,0.471868
ARM_AppleA8X_APL1012_LPDDR31600_2GB,1.5,ARM,8,64,1,64,8,64,1,1024,16,64,3,4,2,LPDDR3,1600,3,29141,0.587135
ARM_AppleA8X_APL1012_LPDDR31600_3GB,1.5,ARM,8,64,1,64,8,64,1,1024,16,64,3,4,3,LPDDR3,1600,3,29141,0.587135
ARM_AppleA8X_APL1012_LPDDR31600_4GB,1.5,ARM,8,64,1,64,8,64,1,1024,16,64,3,4,4,LPDDR3,1600,3,29141,0.587135
ARM_AppleA8X_APL1012_LPDDR31600_6GB,1.5,ARM,8,64,1,64,8,64,1,1024,16,64,3,4,6,LPDDR3,1600,3,29141,0.587135
ARM_AppleA8_APL1011_LPDDR31600_2GB,1.1,ARM,8,64,1,64,8,64,1,1024,16,64,2,4,2,LPDDR3,1600,2,39709,0.817401
ARM_AppleA8_APL1011_LPDDR31600_3GB,1.1,ARM,8,64,1,64,8,64,1,1024,16,64,2,4,3,LPDDR3,1600,2,39709,0.817401
ARM_AppleA8_APL1011_LPDDR31600_4GB,1.1,ARM,8,64,1,64,8,64,1,1024,16,64,2,4,4,LPDDR3,1600,2,39709,0.817401
ARM_AppleA8_APL1011_LPDDR31600_6GB,1.1,ARM,8,64,1,64,8,64,1,1024,16,64,2,4,6,LPDDR3,1600,2,39709,0.817401
ARM_AppleA7_APL0698_LPDDR31600_2GB,1.3,ARM,8,64,1,64,8,64,1,512,16,64,2,4,2,LPDDR3,1600,2,33597,0.682732
ARM_AppleA7_APL0698_LPDDR31600_3GB,1.3,ARM,8,64,1,64,8,64,1,512,16,64,2,4,3,LPDDR3,1600,2,33597,0.682732
ARM_AppleA7_APL0698_LPDDR31600_4GB,1.3,ARM,8,64,1,64,8,64,1,512,16,64,2,4,4,LPDDR3,1600,2,33597,0.682732
ARM_AppleA7_APL0698_LPDDR31600_6GB,1.3,ARM,8,64,1,64,8,64,1,512,16,64,2,4,6,LPDDR3,1600,2,33597,0.682732
ARM_AppleA6_APL0598_LPDDR21066_2GB,1.3,ARM,8,64,1,32,8,64,1,512,16,64,2,1,2,LPDDR2,1066,2,33601,0.676434
ARM_AppleA6_APL0598_LPDDR21066_3GB,1.3,ARM,8,64,1,32,8,64,1,512,16,64,2,1,3,LPDDR2,1066,2,33601,0.676434
ARM_AppleA6_APL0598_LPDDR21066_4GB,1.3,ARM,8,64,1,32,8,64,1,512,16,64,2,1,4,LPDDR2,1066,2,33601,0.676434
ARM_AppleA6_APL0598_LPDDR21066_6GB,1.3,ARM,8,64,1,32,8,64,1,512,16,64,2,1,6,LPDDR2,1066,2,33601,0.676434
ARM_AppleA5_APL7498_LPDDR2800_2GB,1,ARM,8,64,1,32,8,64,1,1024,16,64,1,1,2,LPDDR2,800,1,43685,0.89889
ARM_AppleA5_APL7498_LPDDR2800_3GB,1,ARM,8,64,1,32,8,64,1,1024,16,64,1,1,3,LPDDR2,800,1,43685,0.89889
ARM_AppleA5_APL7498_LPDDR2800_4GB,1,ARM,8,64,1,32,8,64,1,1024,16,64,1,1,4,LPDDR2,800,1,43685,0.89889
ARM_AppleA5_APL7498_LPDDR2800_6GB,1,ARM,8,64,1,32,8,64,1,1024,16,64,1,1,6,LPDDR2,800,1,43685,0.89889
ARM_AppleA4_APL0398_LPDDR2400_2GB,1,ARM,8,64,1,32,8,64,1,512,16,64,1,1,2,LPDDR2,400,1,43685,0.89889
ARM_AppleA4_APL0398_LPDDR2400_3GB,1,ARM,8,64,1,32,8,64,1,512,16,64,1,1,3,LPDDR2,400,1,43685,0.89889
ARM_AppleA4_APL0398_LPDDR2400_4GB,1,ARM,8,64,1,32,8,64,1,512,16,64,1,1,4,LPDDR2,400,1,43685,0.89889
ARM_AppleA4_APL0398_LPDDR2400_6GB,1,ARM,8,64,1,32,8,64,1,512,16,64,1,1,6,LPDDR2,400,1,43685,0.89889
ARM_AMDOpteronA57_A1120_DDR41866_2GB,1.7,ARM,8,64,1,32,8,64,1,1024,16,64,4,8,2,DDR4,1866,4,25692,0.509846
ARM_AMDOpteronA57_A1120_DDR41866_3GB,1.7,ARM,8,64,1,32,8,64,1,1024,16,64,4,8,3,DDR4,1866,4,25692,0.509846
ARM_AMDOpteronA57_A1120_DDR41866_4GB,1.7,ARM,8,64,1,32,8,64,1,1024,16,64,4,8,4,DDR4,1866,4,25692,0.509846
ARM_AMDOpteronA57_A1120_DDR41866_6GB,1.7,ARM,8,64,1,32,8,64,1,1024,16,64,4,8,6,DDR4,1866,4,25692,0.509846
ARM_AMDOpteronA57_A1150_DDR41866_2GB,1.7,ARM,8,64,1,32,8,64,1,1024,16,64,8,8,2,DDR4,1866,8,25692,0.509846
ARM_AMDOpteronA57_A1150_DDR41866_3GB,1.7,ARM,8,64,1,32,8,64,1,1024,16,64,8,8,3,DDR4,1866,8,25692,0.509846
ARM_AMDOpteronA57_A1150_DDR41866_4GB,1.7,ARM,8,64,1,32,8,64,1,1024,16,64,8,8,4,DDR4,1866,8,25692,0.509846
ARM_AMDOpteronA57_A1150_DDR41866_6GB,1.7,ARM,8,64,1,32,8,64,1,1024,16,64,8,8,6,DDR4,1866,8,25692,0.509846
ARM_AMDOpteronA57_A1170_DDR41866_2GB,2,ARM,8,64,1,32,8,64,1,1024,16,64,8,8,2,DDR4,1866,8,21851,0.431098
ARM_AMDOpteronA57_A1170_DDR41866_3GB,2,ARM,8,64,1,32,8,64,1,1024,16,64,8,8,3,DDR4,1866,8,21851,0.431098
ARM_AMDOpteronA57_A1170_DDR41866_4GB,2,ARM,8,64,1,32,8,64,1,1024,16,64,8,8,4,DDR4,1866,8,21851,0.431098
ARM_AMDOpteronA57_A1170_DDR41866_6GB,2,ARM,8,64,1,32,8,64,1,1024,16,64,8,8,6,DDR4,1866,8,21851,0.431098
ARM_AMDOpteronA57_A1170_DDR41866_7GB,2,ARM,8,64,1,32,8,64,1,1024,16,64,8,8,7,DDR4,1866,8,21851,0.431098
