arch,cpu-clock,isa,l1d_assoc,l1d_cache_lines,l1d_shared_by_threads,l1d_size,l2_assoc,l2_cache_lines,l2_shared_by_threads,l2_size,l3_assoc,l3_cache_lines,l3_shared_by_threads,l3_size,mem-size,mem-type,mem_clock,num-cpus,PS,runtime,power
ARM_AMDOpteronA57_A1120_DDR41866_2GB,1.7,ARM,8,64,1,32,8,64,1,1024,16,64,4,8,2,DDR4,1866,4,1000,562,0.575793
ARM_AMDOpteronA57_A1120_DDR41866_2GB,1.7,ARM,8,64,1,32,8,64,1,1024,16,64,4,8,2,DDR4,1866,4,2000,1122,0.609248
ARM_AMDOpteronA57_A1120_DDR41866_2GB,1.7,ARM,8,64,1,32,8,64,1,1024,16,64,4,8,2,DDR4,1866,4,3000,1697,0.620265
ARM_AMDOpteronA57_A1120_DDR41866_2GB,1.7,ARM,8,64,1,32,8,64,1,1024,16,64,4,8,2,DDR4,1866,4,4000,2287,0.623432
ARM_AMDOpteronA57_A1120_DDR41866_2GB,1.7,ARM,8,64,1,32,8,64,1,1024,16,64,4,8,2,DDR4,1866,4,5000,2884,0.628268
ARM_AMDOpteronA57_A1120_DDR41866_2GB,1.7,ARM,8,64,1,32,8,64,1,1024,16,64,4,8,2,DDR4,1866,4,6000,3327,0.607913
ARM_AMDOpteronA57_A1120_DDR41866_3GB,1.7,ARM,8,64,1,32,8,64,1,1024,16,64,4,8,3,DDR4,1866,4,1000,562,0.575793
ARM_AMDOpteronA57_A1120_DDR41866_3GB,1.7,ARM,8,64,1,32,8,64,1,1024,16,64,4,8,3,DDR4,1866,4,2000,1122,0.609248
ARM_AMDOpteronA57_A1120_DDR41866_3GB,1.7,ARM,8,64,1,32,8,64,1,1024,16,64,4,8,3,DDR4,1866,4,3000,1697,0.620265
ARM_AMDOpteronA57_A1120_DDR41866_3GB,1.7,ARM,8,64,1,32,8,64,1,1024,16,64,4,8,3,DDR4,1866,4,4000,2287,0.623432
ARM_AMDOpteronA57_A1120_DDR41866_3GB,1.7,ARM,8,64,1,32,8,64,1,1024,16,64,4,8,3,DDR4,1866,4,5000,2884,0.628268
ARM_AMDOpteronA57_A1120_DDR41866_3GB,1.7,ARM,8,64,1,32,8,64,1,1024,16,64,4,8,3,DDR4,1866,4,6000,3327,0.607913
ARM_AMDOpteronA57_A1120_DDR41866_4GB,1.7,ARM,8,64,1,32,8,64,1,1024,16,64,4,8,4,DDR4,1866,4,1000,562,0.575793
ARM_AMDOpteronA57_A1120_DDR41866_4GB,1.7,ARM,8,64,1,32,8,64,1,1024,16,64,4,8,4,DDR4,1866,4,2000,1122,0.609248
ARM_AMDOpteronA57_A1120_DDR41866_4GB,1.7,ARM,8,64,1,32,8,64,1,1024,16,64,4,8,4,DDR4,1866,4,3000,1697,0.620265
ARM_AMDOpteronA57_A1120_DDR41866_4GB,1.7,ARM,8,64,1,32,8,64,1,1024,16,64,4,8,4,DDR4,1866,4,4000,2287,0.623432
ARM_AMDOpteronA57_A1120_DDR41866_4GB,1.7,ARM,8,64,1,32,8,64,1,1024,16,64,4,8,4,DDR4,1866,4,5000,2884,0.628268
ARM_AMDOpteronA57_A1120_DDR41866_4GB,1.7,ARM,8,64,1,32,8,64,1,1024,16,64,4,8,4,DDR4,1866,4,6000,3327,0.607913
ARM_AMDOpteronA57_A1120_DDR41866_6GB,1.7,ARM,8,64,1,32,8,64,1,1024,16,64,4,8,6,DDR4,1866,4,1000,562,0.575793
ARM_AMDOpteronA57_A1120_DDR41866_6GB,1.7,ARM,8,64,1,32,8,64,1,1024,16,64,4,8,6,DDR4,1866,4,2000,1122,0.609248
ARM_AMDOpteronA57_A1120_DDR41866_6GB,1.7,ARM,8,64,1,32,8,64,1,1024,16,64,4,8,6,DDR4,1866,4,3000,1697,0.620265
ARM_AMDOpteronA57_A1120_DDR41866_6GB,1.7,ARM,8,64,1,32,8,64,1,1024,16,64,4,8,6,DDR4,1866,4,4000,2287,0.623432
ARM_AMDOpteronA57_A1120_DDR41866_6GB,1.7,ARM,8,64,1,32,8,64,1,1024,16,64,4,8,6,DDR4,1866,4,5000,2884,0.628268
ARM_AMDOpteronA57_A1120_DDR41866_6GB,1.7,ARM,8,64,1,32,8,64,1,1024,16,64,4,8,6,DDR4,1866,4,6000,3327,0.607913
ARM_AMDOpteronA57_A1120_DDR41866_7GB,1.7,ARM,8,64,1,32,8,64,1,1024,16,64,4,8,7,DDR4,1866,4,1000,562,0.575793
ARM_AMDOpteronA57_A1120_DDR41866_7GB,1.7,ARM,8,64,1,32,8,64,1,1024,16,64,4,8,7,DDR4,1866,4,2000,1122,0.609248
ARM_AMDOpteronA57_A1120_DDR41866_7GB,1.7,ARM,8,64,1,32,8,64,1,1024,16,64,4,8,7,DDR4,1866,4,3000,1697,0.620265
ARM_AMDOpteronA57_A1120_DDR41866_7GB,1.7,ARM,8,64,1,32,8,64,1,1024,16,64,4,8,7,DDR4,1866,4,4000,2287,0.623432
ARM_AMDOpteronA57_A1120_DDR41866_7GB,1.7,ARM,8,64,1,32,8,64,1,1024,16,64,4,8,7,DDR4,1866,4,5000,2884,0.628268
ARM_AMDOpteronA57_A1120_DDR41866_7GB,1.7,ARM,8,64,1,32,8,64,1,1024,16,64,4,8,7,DDR4,1866,4,6000,3327,0.607913
ARM_AMDOpteronA57_A1150_DDR41866_2GB,1.7,ARM,8,64,1,32,8,64,1,1024,16,64,8,8,2,DDR4,1866,8,1000,562,0.575793
ARM_AMDOpteronA57_A1150_DDR41866_2GB,1.7,ARM,8,64,1,32,8,64,1,1024,16,64,8,8,2,DDR4,1866,8,2000,1122,0.609248
ARM_AMDOpteronA57_A1150_DDR41866_2GB,1.7,ARM,8,64,1,32,8,64,1,1024,16,64,8,8,2,DDR4,1866,8,3000,1697,0.620265
ARM_AMDOpteronA57_A1150_DDR41866_2GB,1.7,ARM,8,64,1,32,8,64,1,1024,16,64,8,8,2,DDR4,1866,8,4000,2287,0.623432
ARM_AMDOpteronA57_A1150_DDR41866_2GB,1.7,ARM,8,64,1,32,8,64,1,1024,16,64,8,8,2,DDR4,1866,8,5000,2884,0.628268
ARM_AMDOpteronA57_A1150_DDR41866_2GB,1.7,ARM,8,64,1,32,8,64,1,1024,16,64,8,8,2,DDR4,1866,8,6000,3327,0.607913
ARM_AMDOpteronA57_A1150_DDR41866_3GB,1.7,ARM,8,64,1,32,8,64,1,1024,16,64,8,8,3,DDR4,1866,8,1000,562,0.575793
ARM_AMDOpteronA57_A1150_DDR41866_3GB,1.7,ARM,8,64,1,32,8,64,1,1024,16,64,8,8,3,DDR4,1866,8,2000,1122,0.609248
ARM_AMDOpteronA57_A1150_DDR41866_3GB,1.7,ARM,8,64,1,32,8,64,1,1024,16,64,8,8,3,DDR4,1866,8,3000,1697,0.620265
ARM_AMDOpteronA57_A1150_DDR41866_3GB,1.7,ARM,8,64,1,32,8,64,1,1024,16,64,8,8,3,DDR4,1866,8,4000,2287,0.623432
ARM_AMDOpteronA57_A1150_DDR41866_3GB,1.7,ARM,8,64,1,32,8,64,1,1024,16,64,8,8,3,DDR4,1866,8,5000,2884,0.628268
ARM_AMDOpteronA57_A1150_DDR41866_3GB,1.7,ARM,8,64,1,32,8,64,1,1024,16,64,8,8,3,DDR4,1866,8,6000,3327,0.607913
ARM_AMDOpteronA57_A1150_DDR41866_4GB,1.7,ARM,8,64,1,32,8,64,1,1024,16,64,8,8,4,DDR4,1866,8,1000,562,0.575793
ARM_AMDOpteronA57_A1150_DDR41866_4GB,1.7,ARM,8,64,1,32,8,64,1,1024,16,64,8,8,4,DDR4,1866,8,2000,1122,0.609248
ARM_AMDOpteronA57_A1150_DDR41866_4GB,1.7,ARM,8,64,1,32,8,64,1,1024,16,64,8,8,4,DDR4,1866,8,3000,1697,0.620265
ARM_AMDOpteronA57_A1150_DDR41866_4GB,1.7,ARM,8,64,1,32,8,64,1,1024,16,64,8,8,4,DDR4,1866,8,4000,2287,0.623432
ARM_AMDOpteronA57_A1150_DDR41866_4GB,1.7,ARM,8,64,1,32,8,64,1,1024,16,64,8,8,4,DDR4,1866,8,5000,2884,0.628268
ARM_AMDOpteronA57_A1150_DDR41866_4GB,1.7,ARM,8,64,1,32,8,64,1,1024,16,64,8,8,4,DDR4,1866,8,6000,3327,0.607913
ARM_AMDOpteronA57_A1150_DDR41866_6GB,1.7,ARM,8,64,1,32,8,64,1,1024,16,64,8,8,6,DDR4,1866,8,1000,562,0.575793
ARM_AMDOpteronA57_A1150_DDR41866_6GB,1.7,ARM,8,64,1,32,8,64,1,1024,16,64,8,8,6,DDR4,1866,8,2000,1122,0.609248
ARM_AMDOpteronA57_A1150_DDR41866_6GB,1.7,ARM,8,64,1,32,8,64,1,1024,16,64,8,8,6,DDR4,1866,8,3000,1697,0.620265
ARM_AMDOpteronA57_A1150_DDR41866_6GB,1.7,ARM,8,64,1,32,8,64,1,1024,16,64,8,8,6,DDR4,1866,8,4000,2287,0.623432
ARM_AMDOpteronA57_A1150_DDR41866_6GB,1.7,ARM,8,64,1,32,8,64,1,1024,16,64,8,8,6,DDR4,1866,8,5000,2884,0.628268
ARM_AMDOpteronA57_A1150_DDR41866_6GB,1.7,ARM,8,64,1,32,8,64,1,1024,16,64,8,8,6,DDR4,1866,8,6000,3327,0.607913
ARM_AMDOpteronA57_A1150_DDR41866_7GB,1.7,ARM,8,64,1,32,8,64,1,1024,16,64,8,8,7,DDR4,1866,8,1000,562,0.575793
ARM_AMDOpteronA57_A1150_DDR41866_7GB,1.7,ARM,8,64,1,32,8,64,1,1024,16,64,8,8,7,DDR4,1866,8,2000,1122,0.609248
ARM_AMDOpteronA57_A1150_DDR41866_7GB,1.7,ARM,8,64,1,32,8,64,1,1024,16,64,8,8,7,DDR4,1866,8,3000,1697,0.620265
ARM_AMDOpteronA57_A1150_DDR41866_7GB,1.7,ARM,8,64,1,32,8,64,1,1024,16,64,8,8,7,DDR4,1866,8,4000,2287,0.623432
ARM_AMDOpteronA57_A1150_DDR41866_7GB,1.7,ARM,8,64,1,32,8,64,1,1024,16,64,8,8,7,DDR4,1866,8,5000,2884,0.628268
ARM_AMDOpteronA57_A1150_DDR41866_7GB,1.7,ARM,8,64,1,32,8,64,1,1024,16,64,8,8,7,DDR4,1866,8,6000,3327,0.607913
ARM_AMDOpteronA57_A1170_DDR41866_2GB,2,ARM,8,64,1,32,8,64,1,1024,16,64,8,8,2,DDR4,1866,8,1000,494,0.470989
ARM_AMDOpteronA57_A1170_DDR41866_2GB,2,ARM,8,64,1,32,8,64,1,1024,16,64,8,8,2,DDR4,1866,8,2000,982,0.501402
ARM_AMDOpteronA57_A1170_DDR41866_2GB,2,ARM,8,64,1,32,8,64,1,1024,16,64,8,8,2,DDR4,1866,8,3000,1483,0.511228
ARM_AMDOpteronA57_A1170_DDR41866_2GB,2,ARM,8,64,1,32,8,64,1,1024,16,64,8,8,2,DDR4,1866,8,4000,1996,0.514683
ARM_AMDOpteronA57_A1170_DDR41866_2GB,2,ARM,8,64,1,32,8,64,1,1024,16,64,8,8,2,DDR4,1866,8,5000,2519,0.518396
ARM_AMDOpteronA57_A1170_DDR41866_2GB,2,ARM,8,64,1,32,8,64,1,1024,16,64,8,8,2,DDR4,1866,8,6000,2912,0.500825
ARM_AMDOpteronA57_A1170_DDR41866_3GB,2,ARM,8,64,1,32,8,64,1,1024,16,64,8,8,3,DDR4,1866,8,1000,494,0.470989
ARM_AMDOpteronA57_A1170_DDR41866_3GB,2,ARM,8,64,1,32,8,64,1,1024,16,64,8,8,3,DDR4,1866,8,2000,982,0.501402
ARM_AMDOpteronA57_A1170_DDR41866_3GB,2,ARM,8,64,1,32,8,64,1,1024,16,64,8,8,3,DDR4,1866,8,3000,1483,0.511228
ARM_AMDOpteronA57_A1170_DDR41866_3GB,2,ARM,8,64,1,32,8,64,1,1024,16,64,8,8,3,DDR4,1866,8,4000,1996,0.514683
ARM_AMDOpteronA57_A1170_DDR41866_3GB,2,ARM,8,64,1,32,8,64,1,1024,16,64,8,8,3,DDR4,1866,8,5000,2519,0.518396
ARM_AMDOpteronA57_A1170_DDR41866_3GB,2,ARM,8,64,1,32,8,64,1,1024,16,64,8,8,3,DDR4,1866,8,6000,2912,0.500825
ARM_AMDOpteronA57_A1170_DDR41866_4GB,2,ARM,8,64,1,32,8,64,1,1024,16,64,8,8,4,DDR4,1866,8,1000,494,0.470989
ARM_AMDOpteronA57_A1170_DDR41866_4GB,2,ARM,8,64,1,32,8,64,1,1024,16,64,8,8,4,DDR4,1866,8,2000,982,0.501402
ARM_AMDOpteronA57_A1170_DDR41866_4GB,2,ARM,8,64,1,32,8,64,1,1024,16,64,8,8,4,DDR4,1866,8,3000,1483,0.511228
ARM_AMDOpteronA57_A1170_DDR41866_4GB,2,ARM,8,64,1,32,8,64,1,1024,16,64,8,8,4,DDR4,1866,8,4000,1996,0.514683
ARM_AMDOpteronA57_A1170_DDR41866_4GB,2,ARM,8,64,1,32,8,64,1,1024,16,64,8,8,4,DDR4,1866,8,5000,2519,0.518396
ARM_AMDOpteronA57_A1170_DDR41866_4GB,2,ARM,8,64,1,32,8,64,1,1024,16,64,8,8,4,DDR4,1866,8,6000,2912,0.500825
ARM_AMDOpteronA57_A1170_DDR41866_6GB,2,ARM,8,64,1,32,8,64,1,1024,16,64,8,8,6,DDR4,1866,8,1000,494,0.470989
ARM_AMDOpteronA57_A1170_DDR41866_6GB,2,ARM,8,64,1,32,8,64,1,1024,16,64,8,8,6,DDR4,1866,8,2000,982,0.501402
ARM_AMDOpteronA57_A1170_DDR41866_6GB,2,ARM,8,64,1,32,8,64,1,1024,16,64,8,8,6,DDR4,1866,8,3000,1483,0.511228
ARM_AMDOpteronA57_A1170_DDR41866_6GB,2,ARM,8,64,1,32,8,64,1,1024,16,64,8,8,6,DDR4,1866,8,4000,1996,0.514683
ARM_AMDOpteronA57_A1170_DDR41866_6GB,2,ARM,8,64,1,32,8,64,1,1024,16,64,8,8,6,DDR4,1866,8,5000,2519,0.518396
ARM_AMDOpteronA57_A1170_DDR41866_6GB,2,ARM,8,64,1,32,8,64,1,1024,16,64,8,8,6,DDR4,1866,8,6000,2912,0.500825
ARM_AMDOpteronA57_A1170_DDR41866_7GB,2,ARM,8,64,1,32,8,64,1,1024,16,64,8,8,7,DDR4,1866,8,1000,494,0.470989
ARM_AMDOpteronA57_A1170_DDR41866_7GB,2,ARM,8,64,1,32,8,64,1,1024,16,64,8,8,7,DDR4,1866,8,2000,982,0.501402
ARM_AMDOpteronA57_A1170_DDR41866_7GB,2,ARM,8,64,1,32,8,64,1,1024,16,64,8,8,7,DDR4,1866,8,3000,1483,0.511228
ARM_AMDOpteronA57_A1170_DDR41866_7GB,2,ARM,8,64,1,32,8,64,1,1024,16,64,8,8,7,DDR4,1866,8,4000,1996,0.514683
ARM_AMDOpteronA57_A1170_DDR41866_7GB,2,ARM,8,64,1,32,8,64,1,1024,16,64,8,8,7,DDR4,1866,8,5000,2519,0.518396
ARM_AMDOpteronA57_A1170_DDR41866_7GB,2,ARM,8,64,1,32,8,64,1,1024,16,64,8,8,7,DDR4,1866,8,6000,2912,0.500825
ARM_AppleA10_APL1W24_LPDDR31600_2GB,2.34,ARM,8,64,1,64,8,64,1,1024,16,64,4,4,2,LPDDR3,1600,4,1000,443,0.38261
ARM_AppleA10_APL1W24_LPDDR31600_2GB,2.34,ARM,8,64,1,64,8,64,1,1024,16,64,4,4,2,LPDDR3,1600,4,2000,876,0.409558
ARM_AppleA10_APL1W24_LPDDR31600_2GB,2.34,ARM,8,64,1,64,8,64,1,1024,16,64,4,4,2,LPDDR3,1600,4,3000,1313,0.420736
ARM_AppleA10_APL1W24_LPDDR31600_2GB,2.34,ARM,8,64,1,64,8,64,1,1024,16,64,4,4,2,LPDDR3,1600,4,4000,1758,0.425667
ARM_AppleA10_APL1W24_LPDDR31600_2GB,2.34,ARM,8,64,1,64,8,64,1,1024,16,64,4,4,2,LPDDR3,1600,4,5000,2229,0.427033
ARM_AppleA10_APL1W24_LPDDR31600_2GB,2.34,ARM,8,64,1,64,8,64,1,1024,16,64,4,4,2,LPDDR3,1600,4,6000,2591,0.410574
ARM_AppleA10_APL1W24_LPDDR31600_3GB,2.34,ARM,8,64,1,64,8,64,1,1024,16,64,4,4,3,LPDDR3,1600,4,1000,443,0.38261
ARM_AppleA10_APL1W24_LPDDR31600_3GB,2.34,ARM,8,64,1,64,8,64,1,1024,16,64,4,4,3,LPDDR3,1600,4,2000,876,0.409558
ARM_AppleA10_APL1W24_LPDDR31600_3GB,2.34,ARM,8,64,1,64,8,64,1,1024,16,64,4,4,3,LPDDR3,1600,4,3000,1313,0.420736
ARM_AppleA10_APL1W24_LPDDR31600_3GB,2.34,ARM,8,64,1,64,8,64,1,1024,16,64,4,4,3,LPDDR3,1600,4,4000,1758,0.425667
ARM_AppleA10_APL1W24_LPDDR31600_3GB,2.34,ARM,8,64,1,64,8,64,1,1024,16,64,4,4,3,LPDDR3,1600,4,5000,2229,0.427033
ARM_AppleA10_APL1W24_LPDDR31600_3GB,2.34,ARM,8,64,1,64,8,64,1,1024,16,64,4,4,3,LPDDR3,1600,4,6000,2591,0.410574
ARM_AppleA10_APL1W24_LPDDR31600_4GB,2.34,ARM,8,64,1,64,8,64,1,1024,16,64,4,4,4,LPDDR3,1600,4,1000,443,0.38261
ARM_AppleA10_APL1W24_LPDDR31600_4GB,2.34,ARM,8,64,1,64,8,64,1,1024,16,64,4,4,4,LPDDR3,1600,4,2000,876,0.409558
ARM_AppleA10_APL1W24_LPDDR31600_4GB,2.34,ARM,8,64,1,64,8,64,1,1024,16,64,4,4,4,LPDDR3,1600,4,3000,1313,0.420736
ARM_AppleA10_APL1W24_LPDDR31600_4GB,2.34,ARM,8,64,1,64,8,64,1,1024,16,64,4,4,4,LPDDR3,1600,4,4000,1758,0.425667
ARM_AppleA10_APL1W24_LPDDR31600_4GB,2.34,ARM,8,64,1,64,8,64,1,1024,16,64,4,4,4,LPDDR3,1600,4,5000,2229,0.427033
ARM_AppleA10_APL1W24_LPDDR31600_4GB,2.34,ARM,8,64,1,64,8,64,1,1024,16,64,4,4,4,LPDDR3,1600,4,6000,2591,0.410574
ARM_AppleA10_APL1W24_LPDDR31600_6GB,2.34,ARM,8,64,1,64,8,64,1,1024,16,64,4,4,6,LPDDR3,1600,4,1000,443,0.38261
ARM_AppleA10_APL1W24_LPDDR31600_6GB,2.34,ARM,8,64,1,64,8,64,1,1024,16,64,4,4,6,LPDDR3,1600,4,2000,876,0.409558
ARM_AppleA10_APL1W24_LPDDR31600_6GB,2.34,ARM,8,64,1,64,8,64,1,1024,16,64,4,4,6,LPDDR3,1600,4,3000,1313,0.420736
ARM_AppleA10_APL1W24_LPDDR31600_6GB,2.34,ARM,8,64,1,64,8,64,1,1024,16,64,4,4,6,LPDDR3,1600,4,4000,1758,0.425667
ARM_AppleA10_APL1W24_LPDDR31600_6GB,2.34,ARM,8,64,1,64,8,64,1,1024,16,64,4,4,6,LPDDR3,1600,4,5000,2229,0.427033
ARM_AppleA10_APL1W24_LPDDR31600_6GB,2.34,ARM,8,64,1,64,8,64,1,1024,16,64,4,4,6,LPDDR3,1600,4,6000,2591,0.410574
ARM_AppleA10_APL1W24_LPDDR31600_7GB,2.34,ARM,8,64,1,64,8,64,1,1024,16,64,4,4,7,LPDDR3,1600,4,1000,443,0.38261
ARM_AppleA10_APL1W24_LPDDR31600_7GB,2.34,ARM,8,64,1,64,8,64,1,1024,16,64,4,4,7,LPDDR3,1600,4,2000,876,0.409558
ARM_AppleA10_APL1W24_LPDDR31600_7GB,2.34,ARM,8,64,1,64,8,64,1,1024,16,64,4,4,7,LPDDR3,1600,4,3000,1313,0.420736
ARM_AppleA10_APL1W24_LPDDR31600_7GB,2.34,ARM,8,64,1,64,8,64,1,1024,16,64,4,4,7,LPDDR3,1600,4,4000,1758,0.425667
ARM_AppleA10_APL1W24_LPDDR31600_7GB,2.34,ARM,8,64,1,64,8,64,1,1024,16,64,4,4,7,LPDDR3,1600,4,5000,2229,0.427033
ARM_AppleA10_APL1W24_LPDDR31600_7GB,2.34,ARM,8,64,1,64,8,64,1,1024,16,64,4,4,7,LPDDR3,1600,4,6000,2591,0.410574
ARM_AppleA4_APL0398_LPDDR2400_2GB,1,ARM,8,64,1,32,8,64,1,512,16,64,1,1,2,LPDDR2,400,1,1000,917,1.04775
ARM_AppleA4_APL0398_LPDDR2400_2GB,1,ARM,8,64,1,32,8,64,1,512,16,64,1,1,2,LPDDR2,400,1,2000,1828,1.10838
ARM_AppleA4_APL0398_LPDDR2400_2GB,1,ARM,8,64,1,32,8,64,1,512,16,64,1,1,2,LPDDR2,400,1,3000,2747,1.13343
ARM_AppleA4_APL0398_LPDDR2400_2GB,1,ARM,8,64,1,32,8,64,1,512,16,64,1,1,2,LPDDR2,400,1,4000,3816,1.11443
ARM_AppleA4_APL0398_LPDDR2400_2GB,1,ARM,8,64,1,32,8,64,1,512,16,64,1,1,2,LPDDR2,400,1,5000,4986,1.0918
ARM_AppleA4_APL0398_LPDDR2400_2GB,1,ARM,8,64,1,32,8,64,1,512,16,64,1,1,2,LPDDR2,400,1,6000,5804,1.04696
ARM_AppleA4_APL0398_LPDDR2400_3GB,1,ARM,8,64,1,32,8,64,1,512,16,64,1,1,3,LPDDR2,400,1,1000,917,1.04775
ARM_AppleA4_APL0398_LPDDR2400_3GB,1,ARM,8,64,1,32,8,64,1,512,16,64,1,1,3,LPDDR2,400,1,2000,1828,1.10838
ARM_AppleA4_APL0398_LPDDR2400_3GB,1,ARM,8,64,1,32,8,64,1,512,16,64,1,1,3,LPDDR2,400,1,3000,2747,1.13343
ARM_AppleA4_APL0398_LPDDR2400_3GB,1,ARM,8,64,1,32,8,64,1,512,16,64,1,1,3,LPDDR2,400,1,4000,3816,1.11443
ARM_AppleA4_APL0398_LPDDR2400_3GB,1,ARM,8,64,1,32,8,64,1,512,16,64,1,1,3,LPDDR2,400,1,5000,4986,1.0918
ARM_AppleA4_APL0398_LPDDR2400_3GB,1,ARM,8,64,1,32,8,64,1,512,16,64,1,1,3,LPDDR2,400,1,6000,5804,1.04696
ARM_AppleA4_APL0398_LPDDR2400_4GB,1,ARM,8,64,1,32,8,64,1,512,16,64,1,1,4,LPDDR2,400,1,1000,917,1.04775
ARM_AppleA4_APL0398_LPDDR2400_4GB,1,ARM,8,64,1,32,8,64,1,512,16,64,1,1,4,LPDDR2,400,1,2000,1828,1.10838
ARM_AppleA4_APL0398_LPDDR2400_4GB,1,ARM,8,64,1,32,8,64,1,512,16,64,1,1,4,LPDDR2,400,1,3000,2747,1.13343
ARM_AppleA4_APL0398_LPDDR2400_4GB,1,ARM,8,64,1,32,8,64,1,512,16,64,1,1,4,LPDDR2,400,1,4000,3816,1.11443
ARM_AppleA4_APL0398_LPDDR2400_4GB,1,ARM,8,64,1,32,8,64,1,512,16,64,1,1,4,LPDDR2,400,1,5000,4986,1.0918
ARM_AppleA4_APL0398_LPDDR2400_4GB,1,ARM,8,64,1,32,8,64,1,512,16,64,1,1,4,LPDDR2,400,1,6000,5804,1.04696
ARM_AppleA4_APL0398_LPDDR2400_6GB,1,ARM,8,64,1,32,8,64,1,512,16,64,1,1,6,LPDDR2,400,1,1000,917,1.04775
ARM_AppleA4_APL0398_LPDDR2400_6GB,1,ARM,8,64,1,32,8,64,1,512,16,64,1,1,6,LPDDR2,400,1,2000,1828,1.10838
ARM_AppleA4_APL0398_LPDDR2400_6GB,1,ARM,8,64,1,32,8,64,1,512,16,64,1,1,6,LPDDR2,400,1,3000,2747,1.13343
ARM_AppleA4_APL0398_LPDDR2400_6GB,1,ARM,8,64,1,32,8,64,1,512,16,64,1,1,6,LPDDR2,400,1,4000,3816,1.11443
ARM_AppleA4_APL0398_LPDDR2400_6GB,1,ARM,8,64,1,32,8,64,1,512,16,64,1,1,6,LPDDR2,400,1,5000,4986,1.0918
ARM_AppleA4_APL0398_LPDDR2400_6GB,1,ARM,8,64,1,32,8,64,1,512,16,64,1,1,6,LPDDR2,400,1,6000,5804,1.04696
ARM_AppleA4_APL0398_LPDDR2400_7GB,1,ARM,8,64,1,32,8,64,1,512,16,64,1,1,7,LPDDR2,400,1,1000,917,1.04775
ARM_AppleA4_APL0398_LPDDR2400_7GB,1,ARM,8,64,1,32,8,64,1,512,16,64,1,1,7,LPDDR2,400,1,2000,1828,1.10838
ARM_AppleA4_APL0398_LPDDR2400_7GB,1,ARM,8,64,1,32,8,64,1,512,16,64,1,1,7,LPDDR2,400,1,3000,2747,1.13343
ARM_AppleA4_APL0398_LPDDR2400_7GB,1,ARM,8,64,1,32,8,64,1,512,16,64,1,1,7,LPDDR2,400,1,4000,3816,1.11443
ARM_AppleA4_APL0398_LPDDR2400_7GB,1,ARM,8,64,1,32,8,64,1,512,16,64,1,1,7,LPDDR2,400,1,5000,4986,1.0918
ARM_AppleA4_APL0398_LPDDR2400_7GB,1,ARM,8,64,1,32,8,64,1,512,16,64,1,1,7,LPDDR2,400,1,6000,5804,1.04696
ARM_AppleA5_APL7498_LPDDR2800_2GB,1,ARM,8,64,1,32,8,64,1,1024,16,64,1,1,2,LPDDR2,800,1,1000,917,1.04863
ARM_AppleA5_APL7498_LPDDR2800_2GB,1,ARM,8,64,1,32,8,64,1,1024,16,64,1,1,2,LPDDR2,800,1,2000,1828,1.1079
ARM_AppleA5_APL7498_LPDDR2800_2GB,1,ARM,8,64,1,32,8,64,1,1024,16,64,1,1,2,LPDDR2,800,1,3000,2747,1.13328
ARM_AppleA5_APL7498_LPDDR2800_2GB,1,ARM,8,64,1,32,8,64,1,1024,16,64,1,1,2,LPDDR2,800,1,4000,3689,1.14264
ARM_AppleA5_APL7498_LPDDR2800_2GB,1,ARM,8,64,1,32,8,64,1,1024,16,64,1,1,2,LPDDR2,800,1,5000,4646,1.15252
ARM_AppleA5_APL7498_LPDDR2800_2GB,1,ARM,8,64,1,32,8,64,1,1024,16,64,1,1,2,LPDDR2,800,1,6000,5337,1.11861
ARM_AppleA5_APL7498_LPDDR2800_3GB,1,ARM,8,64,1,32,8,64,1,1024,16,64,1,1,3,LPDDR2,800,1,1000,917,1.04863
ARM_AppleA5_APL7498_LPDDR2800_3GB,1,ARM,8,64,1,32,8,64,1,1024,16,64,1,1,3,LPDDR2,800,1,2000,1828,1.1079
ARM_AppleA5_APL7498_LPDDR2800_3GB,1,ARM,8,64,1,32,8,64,1,1024,16,64,1,1,3,LPDDR2,800,1,3000,2747,1.13328
ARM_AppleA5_APL7498_LPDDR2800_3GB,1,ARM,8,64,1,32,8,64,1,1024,16,64,1,1,3,LPDDR2,800,1,4000,3689,1.14264
ARM_AppleA5_APL7498_LPDDR2800_3GB,1,ARM,8,64,1,32,8,64,1,1024,16,64,1,1,3,LPDDR2,800,1,5000,4646,1.15252
ARM_AppleA5_APL7498_LPDDR2800_3GB,1,ARM,8,64,1,32,8,64,1,1024,16,64,1,1,3,LPDDR2,800,1,6000,5337,1.11861
ARM_AppleA5_APL7498_LPDDR2800_4GB,1,ARM,8,64,1,32,8,64,1,1024,16,64,1,1,4,LPDDR2,800,1,1000,917,1.04863
ARM_AppleA5_APL7498_LPDDR2800_4GB,1,ARM,8,64,1,32,8,64,1,1024,16,64,1,1,4,LPDDR2,800,1,2000,1828,1.1079
ARM_AppleA5_APL7498_LPDDR2800_4GB,1,ARM,8,64,1,32,8,64,1,1024,16,64,1,1,4,LPDDR2,800,1,3000,2747,1.13328
ARM_AppleA5_APL7498_LPDDR2800_4GB,1,ARM,8,64,1,32,8,64,1,1024,16,64,1,1,4,LPDDR2,800,1,4000,3689,1.14264
ARM_AppleA5_APL7498_LPDDR2800_4GB,1,ARM,8,64,1,32,8,64,1,1024,16,64,1,1,4,LPDDR2,800,1,5000,4646,1.15252
ARM_AppleA5_APL7498_LPDDR2800_4GB,1,ARM,8,64,1,32,8,64,1,1024,16,64,1,1,4,LPDDR2,800,1,6000,5337,1.11861
ARM_AppleA5_APL7498_LPDDR2800_6GB,1,ARM,8,64,1,32,8,64,1,1024,16,64,1,1,6,LPDDR2,800,1,1000,917,1.04863
ARM_AppleA5_APL7498_LPDDR2800_6GB,1,ARM,8,64,1,32,8,64,1,1024,16,64,1,1,6,LPDDR2,800,1,2000,1828,1.1079
ARM_AppleA5_APL7498_LPDDR2800_6GB,1,ARM,8,64,1,32,8,64,1,1024,16,64,1,1,6,LPDDR2,800,1,3000,2747,1.13328
ARM_AppleA5_APL7498_LPDDR2800_6GB,1,ARM,8,64,1,32,8,64,1,1024,16,64,1,1,6,LPDDR2,800,1,4000,3689,1.14264
ARM_AppleA5_APL7498_LPDDR2800_6GB,1,ARM,8,64,1,32,8,64,1,1024,16,64,1,1,6,LPDDR2,800,1,5000,4646,1.15252
ARM_AppleA5_APL7498_LPDDR2800_6GB,1,ARM,8,64,1,32,8,64,1,1024,16,64,1,1,6,LPDDR2,800,1,6000,5337,1.11861
ARM_AppleA5_APL7498_LPDDR2800_7GB,1,ARM,8,64,1,32,8,64,1,1024,16,64,1,1,7,LPDDR2,800,1,1000,917,1.04863
ARM_AppleA5_APL7498_LPDDR2800_7GB,1,ARM,8,64,1,32,8,64,1,1024,16,64,1,1,7,LPDDR2,800,1,2000,1828,1.1079
ARM_AppleA5_APL7498_LPDDR2800_7GB,1,ARM,8,64,1,32,8,64,1,1024,16,64,1,1,7,LPDDR2,800,1,3000,2747,1.13328
ARM_AppleA5_APL7498_LPDDR2800_7GB,1,ARM,8,64,1,32,8,64,1,1024,16,64,1,1,7,LPDDR2,800,1,4000,3689,1.14264
ARM_AppleA5_APL7498_LPDDR2800_7GB,1,ARM,8,64,1,32,8,64,1,1024,16,64,1,1,7,LPDDR2,800,1,5000,4646,1.15252
ARM_AppleA5_APL7498_LPDDR2800_7GB,1,ARM,8,64,1,32,8,64,1,1024,16,64,1,1,7,LPDDR2,800,1,6000,5337,1.11861
ARM_AppleA6_APL0598_LPDDR21066_2GB,1.3,ARM,8,64,1,32,8,64,1,512,16,64,2,1,2,LPDDR2,1066,2,1000,738,0.7552
ARM_AppleA6_APL0598_LPDDR21066_2GB,1.3,ARM,8,64,1,32,8,64,1,512,16,64,2,1,2,LPDDR2,1066,2,2000,1475,0.799939
ARM_AppleA6_APL0598_LPDDR21066_2GB,1.3,ARM,8,64,1,32,8,64,1,512,16,64,2,1,2,LPDDR2,1066,2,3000,2213,0.819813
ARM_AppleA6_APL0598_LPDDR21066_2GB,1.3,ARM,8,64,1,32,8,64,1,512,16,64,2,1,2,LPDDR2,1066,2,4000,3063,0.809031
ARM_AppleA6_APL0598_LPDDR21066_2GB,1.3,ARM,8,64,1,32,8,64,1,512,16,64,2,1,2,LPDDR2,1066,2,5000,3989,0.794779
ARM_AppleA6_APL0598_LPDDR21066_2GB,1.3,ARM,8,64,1,32,8,64,1,512,16,64,2,1,2,LPDDR2,1066,2,6000,4648,0.761225
ARM_AppleA6_APL0598_LPDDR21066_3GB,1.3,ARM,8,64,1,32,8,64,1,512,16,64,2,1,3,LPDDR2,1066,2,1000,738,0.7552
ARM_AppleA6_APL0598_LPDDR21066_3GB,1.3,ARM,8,64,1,32,8,64,1,512,16,64,2,1,3,LPDDR2,1066,2,2000,1475,0.799939
ARM_AppleA6_APL0598_LPDDR21066_3GB,1.3,ARM,8,64,1,32,8,64,1,512,16,64,2,1,3,LPDDR2,1066,2,3000,2213,0.819813
ARM_AppleA6_APL0598_LPDDR21066_3GB,1.3,ARM,8,64,1,32,8,64,1,512,16,64,2,1,3,LPDDR2,1066,2,4000,3063,0.809031
ARM_AppleA6_APL0598_LPDDR21066_3GB,1.3,ARM,8,64,1,32,8,64,1,512,16,64,2,1,3,LPDDR2,1066,2,5000,3989,0.794779
ARM_AppleA6_APL0598_LPDDR21066_3GB,1.3,ARM,8,64,1,32,8,64,1,512,16,64,2,1,3,LPDDR2,1066,2,6000,4648,0.761225
ARM_AppleA6_APL0598_LPDDR21066_4GB,1.3,ARM,8,64,1,32,8,64,1,512,16,64,2,1,4,LPDDR2,1066,2,1000,738,0.7552
ARM_AppleA6_APL0598_LPDDR21066_4GB,1.3,ARM,8,64,1,32,8,64,1,512,16,64,2,1,4,LPDDR2,1066,2,2000,1475,0.799939
ARM_AppleA6_APL0598_LPDDR21066_4GB,1.3,ARM,8,64,1,32,8,64,1,512,16,64,2,1,4,LPDDR2,1066,2,3000,2213,0.819813
ARM_AppleA6_APL0598_LPDDR21066_4GB,1.3,ARM,8,64,1,32,8,64,1,512,16,64,2,1,4,LPDDR2,1066,2,4000,3063,0.809031
ARM_AppleA6_APL0598_LPDDR21066_4GB,1.3,ARM,8,64,1,32,8,64,1,512,16,64,2,1,4,LPDDR2,1066,2,5000,3989,0.794779
ARM_AppleA6_APL0598_LPDDR21066_4GB,1.3,ARM,8,64,1,32,8,64,1,512,16,64,2,1,4,LPDDR2,1066,2,6000,4648,0.761225
ARM_AppleA6_APL0598_LPDDR21066_6GB,1.3,ARM,8,64,1,32,8,64,1,512,16,64,2,1,6,LPDDR2,1066,2,1000,738,0.7552
ARM_AppleA6_APL0598_LPDDR21066_6GB,1.3,ARM,8,64,1,32,8,64,1,512,16,64,2,1,6,LPDDR2,1066,2,2000,1475,0.799939
ARM_AppleA6_APL0598_LPDDR21066_6GB,1.3,ARM,8,64,1,32,8,64,1,512,16,64,2,1,6,LPDDR2,1066,2,3000,2213,0.819813
ARM_AppleA6_APL0598_LPDDR21066_6GB,1.3,ARM,8,64,1,32,8,64,1,512,16,64,2,1,6,LPDDR2,1066,2,4000,3063,0.809031
ARM_AppleA6_APL0598_LPDDR21066_6GB,1.3,ARM,8,64,1,32,8,64,1,512,16,64,2,1,6,LPDDR2,1066,2,5000,3989,0.794779
ARM_AppleA6_APL0598_LPDDR21066_6GB,1.3,ARM,8,64,1,32,8,64,1,512,16,64,2,1,6,LPDDR2,1066,2,6000,4648,0.761225
ARM_AppleA6_APL0598_LPDDR21066_7GB,1.3,ARM,8,64,1,32,8,64,1,512,16,64,2,1,7,LPDDR2,1066,2,1000,738,0.7552
ARM_AppleA6_APL0598_LPDDR21066_7GB,1.3,ARM,8,64,1,32,8,64,1,512,16,64,2,1,7,LPDDR2,1066,2,2000,1475,0.799939
ARM_AppleA6_APL0598_LPDDR21066_7GB,1.3,ARM,8,64,1,32,8,64,1,512,16,64,2,1,7,LPDDR2,1066,2,3000,2213,0.819813
ARM_AppleA6_APL0598_LPDDR21066_7GB,1.3,ARM,8,64,1,32,8,64,1,512,16,64,2,1,7,LPDDR2,1066,2,4000,3063,0.809031
ARM_AppleA6_APL0598_LPDDR21066_7GB,1.3,ARM,8,64,1,32,8,64,1,512,16,64,2,1,7,LPDDR2,1066,2,5000,3989,0.794779
ARM_AppleA6_APL0598_LPDDR21066_7GB,1.3,ARM,8,64,1,32,8,64,1,512,16,64,2,1,7,LPDDR2,1066,2,6000,4648,0.761225
ARM_AppleA7_APL0698_LPDDR31600_2GB,1.3,ARM,8,64,1,64,8,64,1,512,16,64,2,4,2,LPDDR3,1600,2,1000,701,0.797647
ARM_AppleA7_APL0698_LPDDR31600_2GB,1.3,ARM,8,64,1,64,8,64,1,512,16,64,2,4,2,LPDDR3,1600,2,2000,1399,0.84504
ARM_AppleA7_APL0698_LPDDR31600_2GB,1.3,ARM,8,64,1,64,8,64,1,512,16,64,2,4,2,LPDDR3,1600,2,3000,2104,0.863638
ARM_AppleA7_APL0698_LPDDR31600_2GB,1.3,ARM,8,64,1,64,8,64,1,512,16,64,2,4,2,LPDDR3,1600,2,4000,2923,0.849296
ARM_AppleA7_APL0698_LPDDR31600_2GB,1.3,ARM,8,64,1,64,8,64,1,512,16,64,2,4,2,LPDDR3,1600,2,5000,3832,0.829488
ARM_AppleA7_APL0698_LPDDR31600_2GB,1.3,ARM,8,64,1,64,8,64,1,512,16,64,2,4,2,LPDDR3,1600,2,6000,4472,0.793612
ARM_AppleA7_APL0698_LPDDR31600_3GB,1.3,ARM,8,64,1,64,8,64,1,512,16,64,2,4,3,LPDDR3,1600,2,1000,701,0.797647
ARM_AppleA7_APL0698_LPDDR31600_3GB,1.3,ARM,8,64,1,64,8,64,1,512,16,64,2,4,3,LPDDR3,1600,2,2000,1399,0.84504
ARM_AppleA7_APL0698_LPDDR31600_3GB,1.3,ARM,8,64,1,64,8,64,1,512,16,64,2,4,3,LPDDR3,1600,2,3000,2104,0.863638
ARM_AppleA7_APL0698_LPDDR31600_3GB,1.3,ARM,8,64,1,64,8,64,1,512,16,64,2,4,3,LPDDR3,1600,2,4000,2923,0.849296
ARM_AppleA7_APL0698_LPDDR31600_3GB,1.3,ARM,8,64,1,64,8,64,1,512,16,64,2,4,3,LPDDR3,1600,2,5000,3832,0.829488
ARM_AppleA7_APL0698_LPDDR31600_3GB,1.3,ARM,8,64,1,64,8,64,1,512,16,64,2,4,3,LPDDR3,1600,2,6000,4472,0.793612
ARM_AppleA7_APL0698_LPDDR31600_4GB,1.3,ARM,8,64,1,64,8,64,1,512,16,64,2,4,4,LPDDR3,1600,2,1000,701,0.797647
ARM_AppleA7_APL0698_LPDDR31600_4GB,1.3,ARM,8,64,1,64,8,64,1,512,16,64,2,4,4,LPDDR3,1600,2,2000,1399,0.84504
ARM_AppleA7_APL0698_LPDDR31600_4GB,1.3,ARM,8,64,1,64,8,64,1,512,16,64,2,4,4,LPDDR3,1600,2,3000,2104,0.863638
ARM_AppleA7_APL0698_LPDDR31600_4GB,1.3,ARM,8,64,1,64,8,64,1,512,16,64,2,4,4,LPDDR3,1600,2,4000,2923,0.849296
ARM_AppleA7_APL0698_LPDDR31600_4GB,1.3,ARM,8,64,1,64,8,64,1,512,16,64,2,4,4,LPDDR3,1600,2,5000,3832,0.829488
ARM_AppleA7_APL0698_LPDDR31600_4GB,1.3,ARM,8,64,1,64,8,64,1,512,16,64,2,4,4,LPDDR3,1600,2,6000,4472,0.793612
ARM_AppleA7_APL0698_LPDDR31600_6GB,1.3,ARM,8,64,1,64,8,64,1,512,16,64,2,4,6,LPDDR3,1600,2,1000,701,0.797647
ARM_AppleA7_APL0698_LPDDR31600_6GB,1.3,ARM,8,64,1,64,8,64,1,512,16,64,2,4,6,LPDDR3,1600,2,2000,1399,0.84504
ARM_AppleA7_APL0698_LPDDR31600_6GB,1.3,ARM,8,64,1,64,8,64,1,512,16,64,2,4,6,LPDDR3,1600,2,3000,2104,0.863638
ARM_AppleA7_APL0698_LPDDR31600_6GB,1.3,ARM,8,64,1,64,8,64,1,512,16,64,2,4,6,LPDDR3,1600,2,4000,2923,0.849296
ARM_AppleA7_APL0698_LPDDR31600_6GB,1.3,ARM,8,64,1,64,8,64,1,512,16,64,2,4,6,LPDDR3,1600,2,5000,3832,0.829488
ARM_AppleA7_APL0698_LPDDR31600_6GB,1.3,ARM,8,64,1,64,8,64,1,512,16,64,2,4,6,LPDDR3,1600,2,6000,4472,0.793612
ARM_AppleA7_APL0698_LPDDR31600_7GB,1.3,ARM,8,64,1,64,8,64,1,512,16,64,2,4,7,LPDDR3,1600,2,1000,701,0.797647
ARM_AppleA7_APL0698_LPDDR31600_7GB,1.3,ARM,8,64,1,64,8,64,1,512,16,64,2,4,7,LPDDR3,1600,2,2000,1399,0.84504
ARM_AppleA7_APL0698_LPDDR31600_7GB,1.3,ARM,8,64,1,64,8,64,1,512,16,64,2,4,7,LPDDR3,1600,2,3000,2104,0.863638
ARM_AppleA7_APL0698_LPDDR31600_7GB,1.3,ARM,8,64,1,64,8,64,1,512,16,64,2,4,7,LPDDR3,1600,2,4000,2923,0.849296
ARM_AppleA7_APL0698_LPDDR31600_7GB,1.3,ARM,8,64,1,64,8,64,1,512,16,64,2,4,7,LPDDR3,1600,2,5000,3832,0.829488
ARM_AppleA7_APL0698_LPDDR31600_7GB,1.3,ARM,8,64,1,64,8,64,1,512,16,64,2,4,7,LPDDR3,1600,2,6000,4472,0.793612
ARM_AppleA8_APL1011_LPDDR31600_2GB,1.1,ARM,8,64,1,64,8,64,1,1024,16,64,2,4,2,LPDDR3,1600,2,1000,804,0.98139
ARM_AppleA8_APL1011_LPDDR31600_2GB,1.1,ARM,8,64,1,64,8,64,1,1024,16,64,2,4,2,LPDDR3,1600,2,2000,1612,1.0329
ARM_AppleA8_APL1011_LPDDR31600_2GB,1.1,ARM,8,64,1,64,8,64,1,1024,16,64,2,4,2,LPDDR3,1600,2,3000,2425,1.0548
ARM_AppleA8_APL1011_LPDDR31600_2GB,1.1,ARM,8,64,1,64,8,64,1,1024,16,64,2,4,2,LPDDR3,1600,2,4000,3252,1.06413
ARM_AppleA8_APL1011_LPDDR31600_2GB,1.1,ARM,8,64,1,64,8,64,1,1024,16,64,2,4,2,LPDDR3,1600,2,5000,4115,1.06881
ARM_AppleA8_APL1011_LPDDR31600_2GB,1.1,ARM,8,64,1,64,8,64,1,1024,16,64,2,4,2,LPDDR3,1600,2,6000,4734,1.03704
ARM_AppleA8_APL1011_LPDDR31600_3GB,1.1,ARM,8,64,1,64,8,64,1,1024,16,64,2,4,3,LPDDR3,1600,2,1000,804,0.98139
ARM_AppleA8_APL1011_LPDDR31600_3GB,1.1,ARM,8,64,1,64,8,64,1,1024,16,64,2,4,3,LPDDR3,1600,2,2000,1612,1.0329
ARM_AppleA8_APL1011_LPDDR31600_3GB,1.1,ARM,8,64,1,64,8,64,1,1024,16,64,2,4,3,LPDDR3,1600,2,3000,2425,1.0548
ARM_AppleA8_APL1011_LPDDR31600_3GB,1.1,ARM,8,64,1,64,8,64,1,1024,16,64,2,4,3,LPDDR3,1600,2,4000,3252,1.06413
ARM_AppleA8_APL1011_LPDDR31600_3GB,1.1,ARM,8,64,1,64,8,64,1,1024,16,64,2,4,3,LPDDR3,1600,2,5000,4115,1.06881
ARM_AppleA8_APL1011_LPDDR31600_3GB,1.1,ARM,8,64,1,64,8,64,1,1024,16,64,2,4,3,LPDDR3,1600,2,6000,4734,1.03704
ARM_AppleA8_APL1011_LPDDR31600_4GB,1.1,ARM,8,64,1,64,8,64,1,1024,16,64,2,4,4,LPDDR3,1600,2,1000,804,0.98139
ARM_AppleA8_APL1011_LPDDR31600_4GB,1.1,ARM,8,64,1,64,8,64,1,1024,16,64,2,4,4,LPDDR3,1600,2,2000,1612,1.0329
ARM_AppleA8_APL1011_LPDDR31600_4GB,1.1,ARM,8,64,1,64,8,64,1,1024,16,64,2,4,4,LPDDR3,1600,2,3000,2425,1.0548
ARM_AppleA8_APL1011_LPDDR31600_4GB,1.1,ARM,8,64,1,64,8,64,1,1024,16,64,2,4,4,LPDDR3,1600,2,4000,3252,1.06413
ARM_AppleA8_APL1011_LPDDR31600_4GB,1.1,ARM,8,64,1,64,8,64,1,1024,16,64,2,4,4,LPDDR3,1600,2,5000,4115,1.06881
ARM_AppleA8_APL1011_LPDDR31600_4GB,1.1,ARM,8,64,1,64,8,64,1,1024,16,64,2,4,4,LPDDR3,1600,2,6000,4734,1.03704
ARM_AppleA8_APL1011_LPDDR31600_6GB,1.1,ARM,8,64,1,64,8,64,1,1024,16,64,2,4,6,LPDDR3,1600,2,1000,804,0.98139
ARM_AppleA8_APL1011_LPDDR31600_6GB,1.1,ARM,8,64,1,64,8,64,1,1024,16,64,2,4,6,LPDDR3,1600,2,2000,1612,1.0329
ARM_AppleA8_APL1011_LPDDR31600_6GB,1.1,ARM,8,64,1,64,8,64,1,1024,16,64,2,4,6,LPDDR3,1600,2,3000,2425,1.0548
ARM_AppleA8_APL1011_LPDDR31600_6GB,1.1,ARM,8,64,1,64,8,64,1,1024,16,64,2,4,6,LPDDR3,1600,2,4000,3252,1.06413
ARM_AppleA8_APL1011_LPDDR31600_6GB,1.1,ARM,8,64,1,64,8,64,1,1024,16,64,2,4,6,LPDDR3,1600,2,5000,4115,1.06881
ARM_AppleA8_APL1011_LPDDR31600_6GB,1.1,ARM,8,64,1,64,8,64,1,1024,16,64,2,4,6,LPDDR3,1600,2,6000,4734,1.03704
ARM_AppleA8_APL1011_LPDDR31600_7GB,1.1,ARM,8,64,1,64,8,64,1,1024,16,64,2,4,7,LPDDR3,1600,2,1000,804,0.98139
ARM_AppleA8_APL1011_LPDDR31600_7GB,1.1,ARM,8,64,1,64,8,64,1,1024,16,64,2,4,7,LPDDR3,1600,2,2000,1612,1.0329
ARM_AppleA8_APL1011_LPDDR31600_7GB,1.1,ARM,8,64,1,64,8,64,1,1024,16,64,2,4,7,LPDDR3,1600,2,3000,2425,1.0548
ARM_AppleA8_APL1011_LPDDR31600_7GB,1.1,ARM,8,64,1,64,8,64,1,1024,16,64,2,4,7,LPDDR3,1600,2,4000,3252,1.06413
ARM_AppleA8_APL1011_LPDDR31600_7GB,1.1,ARM,8,64,1,64,8,64,1,1024,16,64,2,4,7,LPDDR3,1600,2,5000,4115,1.06881
ARM_AppleA8_APL1011_LPDDR31600_7GB,1.1,ARM,8,64,1,64,8,64,1,1024,16,64,2,4,7,LPDDR3,1600,2,6000,4734,1.03704
ARM_AppleA8X_APL1012_LPDDR31600_2GB,1.5,ARM,8,64,1,64,8,64,1,1024,16,64,3,4,2,LPDDR3,1600,3,1000,626,0.667405
ARM_AppleA8X_APL1012_LPDDR31600_2GB,1.5,ARM,8,64,1,64,8,64,1,1024,16,64,3,4,2,LPDDR3,1600,3,2000,1250,0.70614
ARM_AppleA8X_APL1012_LPDDR31600_2GB,1.5,ARM,8,64,1,64,8,64,1,1024,16,64,3,4,2,LPDDR3,1600,3,3000,1879,0.723011
ARM_AppleA8X_APL1012_LPDDR31600_2GB,1.5,ARM,8,64,1,64,8,64,1,1024,16,64,3,4,2,LPDDR3,1600,3,4000,2523,0.728554
ARM_AppleA8X_APL1012_LPDDR31600_2GB,1.5,ARM,8,64,1,64,8,64,1,1024,16,64,3,4,2,LPDDR3,1600,3,5000,3191,0.732669
ARM_AppleA8X_APL1012_LPDDR31600_2GB,1.5,ARM,8,64,1,64,8,64,1,1024,16,64,3,4,2,LPDDR3,1600,3,6000,3672,0.710416
ARM_AppleA8X_APL1012_LPDDR31600_3GB,1.5,ARM,8,64,1,64,8,64,1,1024,16,64,3,4,3,LPDDR3,1600,3,1000,626,0.667405
ARM_AppleA8X_APL1012_LPDDR31600_3GB,1.5,ARM,8,64,1,64,8,64,1,1024,16,64,3,4,3,LPDDR3,1600,3,2000,1250,0.70614
ARM_AppleA8X_APL1012_LPDDR31600_3GB,1.5,ARM,8,64,1,64,8,64,1,1024,16,64,3,4,3,LPDDR3,1600,3,3000,1879,0.723011
ARM_AppleA8X_APL1012_LPDDR31600_3GB,1.5,ARM,8,64,1,64,8,64,1,1024,16,64,3,4,3,LPDDR3,1600,3,4000,2523,0.728554
ARM_AppleA8X_APL1012_LPDDR31600_3GB,1.5,ARM,8,64,1,64,8,64,1,1024,16,64,3,4,3,LPDDR3,1600,3,5000,3191,0.732669
ARM_AppleA8X_APL1012_LPDDR31600_3GB,1.5,ARM,8,64,1,64,8,64,1,1024,16,64,3,4,3,LPDDR3,1600,3,6000,3672,0.710416
ARM_AppleA8X_APL1012_LPDDR31600_4GB,1.5,ARM,8,64,1,64,8,64,1,1024,16,64,3,4,4,LPDDR3,1600,3,1000,626,0.667405
ARM_AppleA8X_APL1012_LPDDR31600_4GB,1.5,ARM,8,64,1,64,8,64,1,1024,16,64,3,4,4,LPDDR3,1600,3,2000,1250,0.70614
ARM_AppleA8X_APL1012_LPDDR31600_4GB,1.5,ARM,8,64,1,64,8,64,1,1024,16,64,3,4,4,LPDDR3,1600,3,3000,1879,0.723011
ARM_AppleA8X_APL1012_LPDDR31600_4GB,1.5,ARM,8,64,1,64,8,64,1,1024,16,64,3,4,4,LPDDR3,1600,3,4000,2523,0.728554
ARM_AppleA8X_APL1012_LPDDR31600_4GB,1.5,ARM,8,64,1,64,8,64,1,1024,16,64,3,4,4,LPDDR3,1600,3,5000,3191,0.732669
ARM_AppleA8X_APL1012_LPDDR31600_4GB,1.5,ARM,8,64,1,64,8,64,1,1024,16,64,3,4,4,LPDDR3,1600,3,6000,3672,0.710416
ARM_AppleA8X_APL1012_LPDDR31600_6GB,1.5,ARM,8,64,1,64,8,64,1,1024,16,64,3,4,6,LPDDR3,1600,3,1000,626,0.667405
ARM_AppleA8X_APL1012_LPDDR31600_6GB,1.5,ARM,8,64,1,64,8,64,1,1024,16,64,3,4,6,LPDDR3,1600,3,2000,1250,0.70614
ARM_AppleA8X_APL1012_LPDDR31600_6GB,1.5,ARM,8,64,1,64,8,64,1,1024,16,64,3,4,6,LPDDR3,1600,3,3000,1879,0.723011
ARM_AppleA8X_APL1012_LPDDR31600_6GB,1.5,ARM,8,64,1,64,8,64,1,1024,16,64,3,4,6,LPDDR3,1600,3,4000,2523,0.728554
ARM_AppleA8X_APL1012_LPDDR31600_6GB,1.5,ARM,8,64,1,64,8,64,1,1024,16,64,3,4,6,LPDDR3,1600,3,5000,3191,0.732669
ARM_AppleA8X_APL1012_LPDDR31600_6GB,1.5,ARM,8,64,1,64,8,64,1,1024,16,64,3,4,6,LPDDR3,1600,3,6000,3672,0.710416
ARM_AppleA8X_APL1012_LPDDR31600_7GB,1.5,ARM,8,64,1,64,8,64,1,1024,16,64,3,4,7,LPDDR3,1600,3,1000,626,0.667405
ARM_AppleA8X_APL1012_LPDDR31600_7GB,1.5,ARM,8,64,1,64,8,64,1,1024,16,64,3,4,7,LPDDR3,1600,3,2000,1250,0.70614
ARM_AppleA8X_APL1012_LPDDR31600_7GB,1.5,ARM,8,64,1,64,8,64,1,1024,16,64,3,4,7,LPDDR3,1600,3,3000,1879,0.723011
ARM_AppleA8X_APL1012_LPDDR31600_7GB,1.5,ARM,8,64,1,64,8,64,1,1024,16,64,3,4,7,LPDDR3,1600,3,4000,2523,0.728554
ARM_AppleA8X_APL1012_LPDDR31600_7GB,1.5,ARM,8,64,1,64,8,64,1,1024,16,64,3,4,7,LPDDR3,1600,3,5000,3191,0.732669
ARM_AppleA8X_APL1012_LPDDR31600_7GB,1.5,ARM,8,64,1,64,8,64,1,1024,16,64,3,4,7,LPDDR3,1600,3,6000,3672,0.710416
ARM_AppleA9_APL0898_LPDDR31600_2GB,1.85,ARM,8,64,1,64,8,64,1,1024,16,64,2,4,2,LPDDR3,1600,2,1000,528,0.516268
ARM_AppleA9_APL0898_LPDDR31600_2GB,1.85,ARM,8,64,1,64,8,64,1,1024,16,64,2,4,2,LPDDR3,1600,2,2000,1050,0.550033
ARM_AppleA9_APL0898_LPDDR31600_2GB,1.85,ARM,8,64,1,64,8,64,1,1024,16,64,2,4,2,LPDDR3,1600,2,3000,1578,0.563213
ARM_AppleA9_APL0898_LPDDR31600_2GB,1.85,ARM,8,64,1,64,8,64,1,1024,16,64,2,4,2,LPDDR3,1600,2,4000,2108,0.570394
ARM_AppleA9_APL0898_LPDDR31600_2GB,1.85,ARM,8,64,1,64,8,64,1,1024,16,64,2,4,2,LPDDR3,1600,2,5000,2669,0.572977
ARM_AppleA9_APL0898_LPDDR31600_2GB,1.85,ARM,8,64,1,64,8,64,1,1024,16,64,2,4,2,LPDDR3,1600,2,6000,3096,0.55183
ARM_AppleA9_APL0898_LPDDR31600_3GB,1.85,ARM,8,64,1,64,8,64,1,1024,16,64,2,4,3,LPDDR3,1600,2,1000,528,0.516268
ARM_AppleA9_APL0898_LPDDR31600_3GB,1.85,ARM,8,64,1,64,8,64,1,1024,16,64,2,4,3,LPDDR3,1600,2,2000,1050,0.550033
ARM_AppleA9_APL0898_LPDDR31600_3GB,1.85,ARM,8,64,1,64,8,64,1,1024,16,64,2,4,3,LPDDR3,1600,2,3000,1578,0.563213
ARM_AppleA9_APL0898_LPDDR31600_3GB,1.85,ARM,8,64,1,64,8,64,1,1024,16,64,2,4,3,LPDDR3,1600,2,4000,2108,0.570394
ARM_AppleA9_APL0898_LPDDR31600_3GB,1.85,ARM,8,64,1,64,8,64,1,1024,16,64,2,4,3,LPDDR3,1600,2,5000,2669,0.572977
ARM_AppleA9_APL0898_LPDDR31600_3GB,1.85,ARM,8,64,1,64,8,64,1,1024,16,64,2,4,3,LPDDR3,1600,2,6000,3096,0.55183
ARM_AppleA9_APL0898_LPDDR31600_4GB,1.85,ARM,8,64,1,64,8,64,1,1024,16,64,2,4,4,LPDDR3,1600,2,1000,528,0.516268
ARM_AppleA9_APL0898_LPDDR31600_4GB,1.85,ARM,8,64,1,64,8,64,1,1024,16,64,2,4,4,LPDDR3,1600,2,2000,1050,0.550033
ARM_AppleA9_APL0898_LPDDR31600_4GB,1.85,ARM,8,64,1,64,8,64,1,1024,16,64,2,4,4,LPDDR3,1600,2,3000,1578,0.563213
ARM_AppleA9_APL0898_LPDDR31600_4GB,1.85,ARM,8,64,1,64,8,64,1,1024,16,64,2,4,4,LPDDR3,1600,2,4000,2108,0.570394
ARM_AppleA9_APL0898_LPDDR31600_4GB,1.85,ARM,8,64,1,64,8,64,1,1024,16,64,2,4,4,LPDDR3,1600,2,5000,2669,0.572977
ARM_AppleA9_APL0898_LPDDR31600_4GB,1.85,ARM,8,64,1,64,8,64,1,1024,16,64,2,4,4,LPDDR3,1600,2,6000,3096,0.55183
ARM_AppleA9_APL0898_LPDDR31600_6GB,1.85,ARM,8,64,1,64,8,64,1,1024,16,64,2,4,6,LPDDR3,1600,2,1000,528,0.516268
ARM_AppleA9_APL0898_LPDDR31600_6GB,1.85,ARM,8,64,1,64,8,64,1,1024,16,64,2,4,6,LPDDR3,1600,2,2000,1050,0.550033
ARM_AppleA9_APL0898_LPDDR31600_6GB,1.85,ARM,8,64,1,64,8,64,1,1024,16,64,2,4,6,LPDDR3,1600,2,3000,1578,0.563213
ARM_AppleA9_APL0898_LPDDR31600_6GB,1.85,ARM,8,64,1,64,8,64,1,1024,16,64,2,4,6,LPDDR3,1600,2,4000,2108,0.570394
ARM_AppleA9_APL0898_LPDDR31600_6GB,1.85,ARM,8,64,1,64,8,64,1,1024,16,64,2,4,6,LPDDR3,1600,2,5000,2669,0.572977
ARM_AppleA9_APL0898_LPDDR31600_6GB,1.85,ARM,8,64,1,64,8,64,1,1024,16,64,2,4,6,LPDDR3,1600,2,6000,3096,0.55183
ARM_AppleA9_APL0898_LPDDR31600_7GB,1.85,ARM,8,64,1,64,8,64,1,1024,16,64,2,4,7,LPDDR3,1600,2,1000,528,0.516268
ARM_AppleA9_APL0898_LPDDR31600_7GB,1.85,ARM,8,64,1,64,8,64,1,1024,16,64,2,4,7,LPDDR3,1600,2,2000,1050,0.550033
ARM_AppleA9_APL0898_LPDDR31600_7GB,1.85,ARM,8,64,1,64,8,64,1,1024,16,64,2,4,7,LPDDR3,1600,2,3000,1578,0.563213
ARM_AppleA9_APL0898_LPDDR31600_7GB,1.85,ARM,8,64,1,64,8,64,1,1024,16,64,2,4,7,LPDDR3,1600,2,4000,2108,0.570394
ARM_AppleA9_APL0898_LPDDR31600_7GB,1.85,ARM,8,64,1,64,8,64,1,1024,16,64,2,4,7,LPDDR3,1600,2,5000,2669,0.572977
ARM_AppleA9_APL0898_LPDDR31600_7GB,1.85,ARM,8,64,1,64,8,64,1,1024,16,64,2,4,7,LPDDR3,1600,2,6000,3096,0.55183
ARM_QcomSnpS4_APQ8030_LPDDR2533_2GB,1.2,ARM,8,64,1,4,8,64,1,16,16,64,2,1,2,LPDDR2,533,2,1000,1067,0.665224
ARM_QcomSnpS4_APQ8030_LPDDR2533_2GB,1.2,ARM,8,64,1,4,8,64,1,16,16,64,2,1,2,LPDDR2,533,2,2000,2166,0.68983
ARM_QcomSnpS4_APQ8030_LPDDR2533_2GB,1.2,ARM,8,64,1,4,8,64,1,16,16,64,2,1,2,LPDDR2,533,2,3000,3276,0.700649
ARM_QcomSnpS4_APQ8030_LPDDR2533_2GB,1.2,ARM,8,64,1,4,8,64,1,16,16,64,2,1,2,LPDDR2,533,2,4000,4411,0.70409
ARM_QcomSnpS4_APQ8030_LPDDR2533_2GB,1.2,ARM,8,64,1,4,8,64,1,16,16,64,2,1,2,LPDDR2,533,2,5000,5589,0.706434
ARM_QcomSnpS4_APQ8030_LPDDR2533_2GB,1.2,ARM,8,64,1,4,8,64,1,16,16,64,2,1,2,LPDDR2,533,2,6000,6481,0.674961
ARM_QcomSnpS4_APQ8030_LPDDR2533_3GB,1.2,ARM,8,64,1,4,8,64,1,16,16,64,2,1,3,LPDDR2,533,2,1000,1067,0.665224
ARM_QcomSnpS4_APQ8030_LPDDR2533_3GB,1.2,ARM,8,64,1,4,8,64,1,16,16,64,2,1,3,LPDDR2,533,2,2000,2166,0.68983
ARM_QcomSnpS4_APQ8030_LPDDR2533_3GB,1.2,ARM,8,64,1,4,8,64,1,16,16,64,2,1,3,LPDDR2,533,2,3000,3276,0.700649
ARM_QcomSnpS4_APQ8030_LPDDR2533_3GB,1.2,ARM,8,64,1,4,8,64,1,16,16,64,2,1,3,LPDDR2,533,2,4000,4411,0.70409
ARM_QcomSnpS4_APQ8030_LPDDR2533_3GB,1.2,ARM,8,64,1,4,8,64,1,16,16,64,2,1,3,LPDDR2,533,2,5000,5589,0.706434
ARM_QcomSnpS4_APQ8030_LPDDR2533_3GB,1.2,ARM,8,64,1,4,8,64,1,16,16,64,2,1,3,LPDDR2,533,2,6000,6481,0.674961
ARM_QcomSnpS4_APQ8030_LPDDR2533_4GB,1.2,ARM,8,64,1,4,8,64,1,16,16,64,2,1,4,LPDDR2,533,2,1000,1067,0.665224
ARM_QcomSnpS4_APQ8030_LPDDR2533_4GB,1.2,ARM,8,64,1,4,8,64,1,16,16,64,2,1,4,LPDDR2,533,2,2000,2166,0.68983
ARM_QcomSnpS4_APQ8030_LPDDR2533_4GB,1.2,ARM,8,64,1,4,8,64,1,16,16,64,2,1,4,LPDDR2,533,2,3000,3276,0.700649
ARM_QcomSnpS4_APQ8030_LPDDR2533_4GB,1.2,ARM,8,64,1,4,8,64,1,16,16,64,2,1,4,LPDDR2,533,2,4000,4411,0.70409
ARM_QcomSnpS4_APQ8030_LPDDR2533_4GB,1.2,ARM,8,64,1,4,8,64,1,16,16,64,2,1,4,LPDDR2,533,2,5000,5589,0.706434
ARM_QcomSnpS4_APQ8030_LPDDR2533_4GB,1.2,ARM,8,64,1,4,8,64,1,16,16,64,2,1,4,LPDDR2,533,2,6000,6481,0.674961
ARM_QcomSnpS4_APQ8030_LPDDR2533_6GB,1.2,ARM,8,64,1,4,8,64,1,16,16,64,2,1,6,LPDDR2,533,2,1000,1067,0.665224
ARM_QcomSnpS4_APQ8030_LPDDR2533_6GB,1.2,ARM,8,64,1,4,8,64,1,16,16,64,2,1,6,LPDDR2,533,2,2000,2166,0.68983
ARM_QcomSnpS4_APQ8030_LPDDR2533_6GB,1.2,ARM,8,64,1,4,8,64,1,16,16,64,2,1,6,LPDDR2,533,2,3000,3276,0.700649
ARM_QcomSnpS4_APQ8030_LPDDR2533_6GB,1.2,ARM,8,64,1,4,8,64,1,16,16,64,2,1,6,LPDDR2,533,2,4000,4411,0.70409
ARM_QcomSnpS4_APQ8030_LPDDR2533_6GB,1.2,ARM,8,64,1,4,8,64,1,16,16,64,2,1,6,LPDDR2,533,2,5000,5589,0.706434
ARM_QcomSnpS4_APQ8030_LPDDR2533_6GB,1.2,ARM,8,64,1,4,8,64,1,16,16,64,2,1,6,LPDDR2,533,2,6000,6481,0.674961
ARM_QcomSnpS4_APQ8030_LPDDR2533_7GB,1.2,ARM,8,64,1,4,8,64,1,16,16,64,2,1,7,LPDDR2,533,2,1000,1067,0.665224
ARM_QcomSnpS4_APQ8030_LPDDR2533_7GB,1.2,ARM,8,64,1,4,8,64,1,16,16,64,2,1,7,LPDDR2,533,2,2000,2166,0.68983
ARM_QcomSnpS4_APQ8030_LPDDR2533_7GB,1.2,ARM,8,64,1,4,8,64,1,16,16,64,2,1,7,LPDDR2,533,2,3000,3276,0.700649
ARM_QcomSnpS4_APQ8030_LPDDR2533_7GB,1.2,ARM,8,64,1,4,8,64,1,16,16,64,2,1,7,LPDDR2,533,2,4000,4411,0.70409
ARM_QcomSnpS4_APQ8030_LPDDR2533_7GB,1.2,ARM,8,64,1,4,8,64,1,16,16,64,2,1,7,LPDDR2,533,2,5000,5589,0.706434
ARM_QcomSnpS4_APQ8030_LPDDR2533_7GB,1.2,ARM,8,64,1,4,8,64,1,16,16,64,2,1,7,LPDDR2,533,2,6000,6481,0.674961
ARM_QcomSnpS4_APQ8060A_LPDDR2533_2GB,1.5,ARM,8,64,1,4,8,64,1,16,16,64,2,1,2,LPDDR2,533,2,1000,881,0.508406
ARM_QcomSnpS4_APQ8060A_LPDDR2533_2GB,1.5,ARM,8,64,1,4,8,64,1,16,16,64,2,1,2,LPDDR2,533,2,2000,1790,0.528225
ARM_QcomSnpS4_APQ8060A_LPDDR2533_2GB,1.5,ARM,8,64,1,4,8,64,1,16,16,64,2,1,2,LPDDR2,533,2,3000,2713,0.535885
ARM_QcomSnpS4_APQ8060A_LPDDR2533_2GB,1.5,ARM,8,64,1,4,8,64,1,16,16,64,2,1,2,LPDDR2,533,2,4000,3652,0.538799
ARM_QcomSnpS4_APQ8060A_LPDDR2533_2GB,1.5,ARM,8,64,1,4,8,64,1,16,16,64,2,1,2,LPDDR2,533,2,5000,4623,0.541017
ARM_QcomSnpS4_APQ8060A_LPDDR2533_2GB,1.5,ARM,8,64,1,4,8,64,1,16,16,64,2,1,2,LPDDR2,533,2,6000,5378,0.515304
ARM_QcomSnpS4_APQ8060A_LPDDR2533_3GB,1.5,ARM,8,64,1,4,8,64,1,16,16,64,2,1,3,LPDDR2,533,2,1000,881,0.508406
ARM_QcomSnpS4_APQ8060A_LPDDR2533_3GB,1.5,ARM,8,64,1,4,8,64,1,16,16,64,2,1,3,LPDDR2,533,2,2000,1790,0.528225
ARM_QcomSnpS4_APQ8060A_LPDDR2533_3GB,1.5,ARM,8,64,1,4,8,64,1,16,16,64,2,1,3,LPDDR2,533,2,3000,2713,0.535885
ARM_QcomSnpS4_APQ8060A_LPDDR2533_3GB,1.5,ARM,8,64,1,4,8,64,1,16,16,64,2,1,3,LPDDR2,533,2,4000,3652,0.538799
ARM_QcomSnpS4_APQ8060A_LPDDR2533_3GB,1.5,ARM,8,64,1,4,8,64,1,16,16,64,2,1,3,LPDDR2,533,2,5000,4623,0.541017
ARM_QcomSnpS4_APQ8060A_LPDDR2533_3GB,1.5,ARM,8,64,1,4,8,64,1,16,16,64,2,1,3,LPDDR2,533,2,6000,5378,0.515304
ARM_QcomSnpS4_APQ8060A_LPDDR2533_4GB,1.5,ARM,8,64,1,4,8,64,1,16,16,64,2,1,4,LPDDR2,533,2,1000,881,0.508406
ARM_QcomSnpS4_APQ8060A_LPDDR2533_4GB,1.5,ARM,8,64,1,4,8,64,1,16,16,64,2,1,4,LPDDR2,533,2,2000,1790,0.528225
ARM_QcomSnpS4_APQ8060A_LPDDR2533_4GB,1.5,ARM,8,64,1,4,8,64,1,16,16,64,2,1,4,LPDDR2,533,2,3000,2713,0.535885
ARM_QcomSnpS4_APQ8060A_LPDDR2533_4GB,1.5,ARM,8,64,1,4,8,64,1,16,16,64,2,1,4,LPDDR2,533,2,4000,3652,0.538799
ARM_QcomSnpS4_APQ8060A_LPDDR2533_4GB,1.5,ARM,8,64,1,4,8,64,1,16,16,64,2,1,4,LPDDR2,533,2,5000,4623,0.541017
ARM_QcomSnpS4_APQ8060A_LPDDR2533_4GB,1.5,ARM,8,64,1,4,8,64,1,16,16,64,2,1,4,LPDDR2,533,2,6000,5378,0.515304
ARM_QcomSnpS4_APQ8060A_LPDDR2533_6GB,1.5,ARM,8,64,1,4,8,64,1,16,16,64,2,1,6,LPDDR2,533,2,1000,881,0.508406
ARM_QcomSnpS4_APQ8060A_LPDDR2533_6GB,1.5,ARM,8,64,1,4,8,64,1,16,16,64,2,1,6,LPDDR2,533,2,2000,1790,0.528225
ARM_QcomSnpS4_APQ8060A_LPDDR2533_6GB,1.5,ARM,8,64,1,4,8,64,1,16,16,64,2,1,6,LPDDR2,533,2,3000,2713,0.535885
ARM_QcomSnpS4_APQ8060A_LPDDR2533_6GB,1.5,ARM,8,64,1,4,8,64,1,16,16,64,2,1,6,LPDDR2,533,2,4000,3652,0.538799
ARM_QcomSnpS4_APQ8060A_LPDDR2533_6GB,1.5,ARM,8,64,1,4,8,64,1,16,16,64,2,1,6,LPDDR2,533,2,5000,4623,0.541017
ARM_QcomSnpS4_APQ8060A_LPDDR2533_6GB,1.5,ARM,8,64,1,4,8,64,1,16,16,64,2,1,6,LPDDR2,533,2,6000,5378,0.515304
ARM_QcomSnpS4_APQ8060A_LPDDR2533_7GB,1.5,ARM,8,64,1,4,8,64,1,16,16,64,2,1,7,LPDDR2,533,2,1000,881,0.508406
ARM_QcomSnpS4_APQ8060A_LPDDR2533_7GB,1.5,ARM,8,64,1,4,8,64,1,16,16,64,2,1,7,LPDDR2,533,2,2000,1790,0.528225
ARM_QcomSnpS4_APQ8060A_LPDDR2533_7GB,1.5,ARM,8,64,1,4,8,64,1,16,16,64,2,1,7,LPDDR2,533,2,3000,2713,0.535885
ARM_QcomSnpS4_APQ8060A_LPDDR2533_7GB,1.5,ARM,8,64,1,4,8,64,1,16,16,64,2,1,7,LPDDR2,533,2,4000,3652,0.538799
ARM_QcomSnpS4_APQ8060A_LPDDR2533_7GB,1.5,ARM,8,64,1,4,8,64,1,16,16,64,2,1,7,LPDDR2,533,2,5000,4623,0.541017
ARM_QcomSnpS4_APQ8060A_LPDDR2533_7GB,1.5,ARM,8,64,1,4,8,64,1,16,16,64,2,1,7,LPDDR2,533,2,6000,5378,0.515304
ARM_QcomSnpS4_APQ8064_LPDDR2533_2GB,1.5,ARM,8,64,1,4,8,64,1,16,16,64,4,2,2,LPDDR2,533,4,1000,881,0.508981
ARM_QcomSnpS4_APQ8064_LPDDR2533_2GB,1.5,ARM,8,64,1,4,8,64,1,16,16,64,4,2,2,LPDDR2,533,4,2000,1790,0.528912
ARM_QcomSnpS4_APQ8064_LPDDR2533_2GB,1.5,ARM,8,64,1,4,8,64,1,16,16,64,4,2,2,LPDDR2,533,4,3000,2713,0.536619
ARM_QcomSnpS4_APQ8064_LPDDR2533_2GB,1.5,ARM,8,64,1,4,8,64,1,16,16,64,4,2,2,LPDDR2,533,4,4000,3652,0.539574
ARM_QcomSnpS4_APQ8064_LPDDR2533_2GB,1.5,ARM,8,64,1,4,8,64,1,16,16,64,4,2,2,LPDDR2,533,4,5000,4623,0.54182
ARM_QcomSnpS4_APQ8064_LPDDR2533_2GB,1.5,ARM,8,64,1,4,8,64,1,16,16,64,4,2,2,LPDDR2,533,4,6000,5378,0.516143
ARM_QcomSnpS4_APQ8064_LPDDR2533_3GB,1.5,ARM,8,64,1,4,8,64,1,16,16,64,4,2,3,LPDDR2,533,4,1000,881,0.508981
ARM_QcomSnpS4_APQ8064_LPDDR2533_3GB,1.5,ARM,8,64,1,4,8,64,1,16,16,64,4,2,3,LPDDR2,533,4,2000,1790,0.528912
ARM_QcomSnpS4_APQ8064_LPDDR2533_3GB,1.5,ARM,8,64,1,4,8,64,1,16,16,64,4,2,3,LPDDR2,533,4,3000,2713,0.536619
ARM_QcomSnpS4_APQ8064_LPDDR2533_3GB,1.5,ARM,8,64,1,4,8,64,1,16,16,64,4,2,3,LPDDR2,533,4,4000,3652,0.539574
ARM_QcomSnpS4_APQ8064_LPDDR2533_3GB,1.5,ARM,8,64,1,4,8,64,1,16,16,64,4,2,3,LPDDR2,533,4,5000,4623,0.54182
ARM_QcomSnpS4_APQ8064_LPDDR2533_3GB,1.5,ARM,8,64,1,4,8,64,1,16,16,64,4,2,3,LPDDR2,533,4,6000,5378,0.516143
ARM_QcomSnpS4_APQ8064_LPDDR2533_4GB,1.5,ARM,8,64,1,4,8,64,1,16,16,64,4,2,4,LPDDR2,533,4,1000,881,0.508981
ARM_QcomSnpS4_APQ8064_LPDDR2533_4GB,1.5,ARM,8,64,1,4,8,64,1,16,16,64,4,2,4,LPDDR2,533,4,2000,1790,0.528912
ARM_QcomSnpS4_APQ8064_LPDDR2533_4GB,1.5,ARM,8,64,1,4,8,64,1,16,16,64,4,2,4,LPDDR2,533,4,3000,2713,0.536619
ARM_QcomSnpS4_APQ8064_LPDDR2533_4GB,1.5,ARM,8,64,1,4,8,64,1,16,16,64,4,2,4,LPDDR2,533,4,4000,3652,0.539574
ARM_QcomSnpS4_APQ8064_LPDDR2533_4GB,1.5,ARM,8,64,1,4,8,64,1,16,16,64,4,2,4,LPDDR2,533,4,5000,4623,0.54182
ARM_QcomSnpS4_APQ8064_LPDDR2533_4GB,1.5,ARM,8,64,1,4,8,64,1,16,16,64,4,2,4,LPDDR2,533,4,6000,5378,0.516143
ARM_QcomSnpS4_APQ8064_LPDDR2533_6GB,1.5,ARM,8,64,1,4,8,64,1,16,16,64,4,2,6,LPDDR2,533,4,1000,881,0.508981
ARM_QcomSnpS4_APQ8064_LPDDR2533_6GB,1.5,ARM,8,64,1,4,8,64,1,16,16,64,4,2,6,LPDDR2,533,4,2000,1790,0.528912
ARM_QcomSnpS4_APQ8064_LPDDR2533_6GB,1.5,ARM,8,64,1,4,8,64,1,16,16,64,4,2,6,LPDDR2,533,4,3000,2713,0.536619
ARM_QcomSnpS4_APQ8064_LPDDR2533_6GB,1.5,ARM,8,64,1,4,8,64,1,16,16,64,4,2,6,LPDDR2,533,4,4000,3652,0.539574
ARM_QcomSnpS4_APQ8064_LPDDR2533_6GB,1.5,ARM,8,64,1,4,8,64,1,16,16,64,4,2,6,LPDDR2,533,4,5000,4623,0.54182
ARM_QcomSnpS4_APQ8064_LPDDR2533_6GB,1.5,ARM,8,64,1,4,8,64,1,16,16,64,4,2,6,LPDDR2,533,4,6000,5378,0.516143
ARM_QcomSnpS4_APQ8064_LPDDR2533_7GB,1.5,ARM,8,64,1,4,8,64,1,16,16,64,4,2,7,LPDDR2,533,4,1000,881,0.508981
ARM_QcomSnpS4_APQ8064_LPDDR2533_7GB,1.5,ARM,8,64,1,4,8,64,1,16,16,64,4,2,7,LPDDR2,533,4,2000,1790,0.528912
ARM_QcomSnpS4_APQ8064_LPDDR2533_7GB,1.5,ARM,8,64,1,4,8,64,1,16,16,64,4,2,7,LPDDR2,533,4,3000,2713,0.536619
ARM_QcomSnpS4_APQ8064_LPDDR2533_7GB,1.5,ARM,8,64,1,4,8,64,1,16,16,64,4,2,7,LPDDR2,533,4,4000,3652,0.539574
ARM_QcomSnpS4_APQ8064_LPDDR2533_7GB,1.5,ARM,8,64,1,4,8,64,1,16,16,64,4,2,7,LPDDR2,533,4,5000,4623,0.54182
ARM_QcomSnpS4_APQ8064_LPDDR2533_7GB,1.5,ARM,8,64,1,4,8,64,1,16,16,64,4,2,7,LPDDR2,533,4,6000,5378,0.516143
ARM_QcomSnpS4_APQ8064AB_LPDDR2667_2GB,1.9,ARM,8,64,1,4,8,64,1,16,16,64,4,2,2,LPDDR2,667,4,1000,731,0.378439
ARM_QcomSnpS4_APQ8064AB_LPDDR2667_2GB,1.9,ARM,8,64,1,4,8,64,1,16,16,64,4,2,2,LPDDR2,667,4,2000,1470,0.397209
ARM_QcomSnpS4_APQ8064AB_LPDDR2667_2GB,1.9,ARM,8,64,1,4,8,64,1,16,16,64,4,2,2,LPDDR2,667,4,3000,2218,0.404849
ARM_QcomSnpS4_APQ8064AB_LPDDR2667_2GB,1.9,ARM,8,64,1,4,8,64,1,16,16,64,4,2,2,LPDDR2,667,4,4000,2982,0.407732
ARM_QcomSnpS4_APQ8064AB_LPDDR2667_2GB,1.9,ARM,8,64,1,4,8,64,1,16,16,64,4,2,2,LPDDR2,667,4,5000,3772,0.409894
ARM_QcomSnpS4_APQ8064AB_LPDDR2667_2GB,1.9,ARM,8,64,1,4,8,64,1,16,16,64,4,2,2,LPDDR2,667,4,6000,4392,0.390084
ARM_QcomSnpS4_APQ8064AB_LPDDR2667_3GB,1.9,ARM,8,64,1,4,8,64,1,16,16,64,4,2,3,LPDDR2,667,4,1000,731,0.378439
ARM_QcomSnpS4_APQ8064AB_LPDDR2667_3GB,1.9,ARM,8,64,1,4,8,64,1,16,16,64,4,2,3,LPDDR2,667,4,2000,1470,0.397209
ARM_QcomSnpS4_APQ8064AB_LPDDR2667_3GB,1.9,ARM,8,64,1,4,8,64,1,16,16,64,4,2,3,LPDDR2,667,4,3000,2218,0.404849
ARM_QcomSnpS4_APQ8064AB_LPDDR2667_3GB,1.9,ARM,8,64,1,4,8,64,1,16,16,64,4,2,3,LPDDR2,667,4,4000,2982,0.407732
ARM_QcomSnpS4_APQ8064AB_LPDDR2667_3GB,1.9,ARM,8,64,1,4,8,64,1,16,16,64,4,2,3,LPDDR2,667,4,5000,3772,0.409894
ARM_QcomSnpS4_APQ8064AB_LPDDR2667_3GB,1.9,ARM,8,64,1,4,8,64,1,16,16,64,4,2,3,LPDDR2,667,4,6000,4392,0.390084
ARM_QcomSnpS4_APQ8064AB_LPDDR2667_4GB,1.9,ARM,8,64,1,4,8,64,1,16,16,64,4,2,4,LPDDR2,667,4,1000,731,0.378439
ARM_QcomSnpS4_APQ8064AB_LPDDR2667_4GB,1.9,ARM,8,64,1,4,8,64,1,16,16,64,4,2,4,LPDDR2,667,4,2000,1470,0.397209
ARM_QcomSnpS4_APQ8064AB_LPDDR2667_4GB,1.9,ARM,8,64,1,4,8,64,1,16,16,64,4,2,4,LPDDR2,667,4,3000,2218,0.404849
ARM_QcomSnpS4_APQ8064AB_LPDDR2667_4GB,1.9,ARM,8,64,1,4,8,64,1,16,16,64,4,2,4,LPDDR2,667,4,4000,2982,0.407732
ARM_QcomSnpS4_APQ8064AB_LPDDR2667_4GB,1.9,ARM,8,64,1,4,8,64,1,16,16,64,4,2,4,LPDDR2,667,4,5000,3772,0.409894
ARM_QcomSnpS4_APQ8064AB_LPDDR2667_4GB,1.9,ARM,8,64,1,4,8,64,1,16,16,64,4,2,4,LPDDR2,667,4,6000,4392,0.390084
ARM_QcomSnpS4_APQ8064AB_LPDDR2667_6GB,1.9,ARM,8,64,1,4,8,64,1,16,16,64,4,2,6,LPDDR2,667,4,1000,731,0.378439
ARM_QcomSnpS4_APQ8064AB_LPDDR2667_6GB,1.9,ARM,8,64,1,4,8,64,1,16,16,64,4,2,6,LPDDR2,667,4,2000,1470,0.397209
ARM_QcomSnpS4_APQ8064AB_LPDDR2667_6GB,1.9,ARM,8,64,1,4,8,64,1,16,16,64,4,2,6,LPDDR2,667,4,3000,2218,0.404849
ARM_QcomSnpS4_APQ8064AB_LPDDR2667_6GB,1.9,ARM,8,64,1,4,8,64,1,16,16,64,4,2,6,LPDDR2,667,4,4000,2982,0.407732
ARM_QcomSnpS4_APQ8064AB_LPDDR2667_6GB,1.9,ARM,8,64,1,4,8,64,1,16,16,64,4,2,6,LPDDR2,667,4,5000,3772,0.409894
ARM_QcomSnpS4_APQ8064AB_LPDDR2667_6GB,1.9,ARM,8,64,1,4,8,64,1,16,16,64,4,2,6,LPDDR2,667,4,6000,4392,0.390084
ARM_QcomSnpS4_APQ8064AB_LPDDR2667_7GB,1.9,ARM,8,64,1,4,8,64,1,16,16,64,4,2,7,LPDDR2,667,4,1000,731,0.378439
ARM_QcomSnpS4_APQ8064AB_LPDDR2667_7GB,1.9,ARM,8,64,1,4,8,64,1,16,16,64,4,2,7,LPDDR2,667,4,2000,1470,0.397209
ARM_QcomSnpS4_APQ8064AB_LPDDR2667_7GB,1.9,ARM,8,64,1,4,8,64,1,16,16,64,4,2,7,LPDDR2,667,4,3000,2218,0.404849
ARM_QcomSnpS4_APQ8064AB_LPDDR2667_7GB,1.9,ARM,8,64,1,4,8,64,1,16,16,64,4,2,7,LPDDR2,667,4,4000,2982,0.407732
ARM_QcomSnpS4_APQ8064AB_LPDDR2667_7GB,1.9,ARM,8,64,1,4,8,64,1,16,16,64,4,2,7,LPDDR2,667,4,5000,3772,0.409894
ARM_QcomSnpS4_APQ8064AB_LPDDR2667_7GB,1.9,ARM,8,64,1,4,8,64,1,16,16,64,4,2,7,LPDDR2,667,4,6000,4392,0.390084
ARM_QcomSnpS4_APQ8064M_LPDDR2533_2GB,1.7,ARM,8,64,1,4,8,64,1,16,16,64,4,2,2,LPDDR2,533,4,1000,796,0.435227
ARM_QcomSnpS4_APQ8064M_LPDDR2533_2GB,1.7,ARM,8,64,1,4,8,64,1,16,16,64,4,2,2,LPDDR2,533,4,2000,1608,0.454949
ARM_QcomSnpS4_APQ8064M_LPDDR2533_2GB,1.7,ARM,8,64,1,4,8,64,1,16,16,64,4,2,2,LPDDR2,533,4,3000,2430,0.462937
ARM_QcomSnpS4_APQ8064M_LPDDR2533_2GB,1.7,ARM,8,64,1,4,8,64,1,16,16,64,4,2,2,LPDDR2,533,4,4000,3266,0.466237
ARM_QcomSnpS4_APQ8064M_LPDDR2533_2GB,1.7,ARM,8,64,1,4,8,64,1,16,16,64,4,2,2,LPDDR2,533,4,5000,4132,0.468531
ARM_QcomSnpS4_APQ8064M_LPDDR2533_2GB,1.7,ARM,8,64,1,4,8,64,1,16,16,64,4,2,2,LPDDR2,533,4,6000,4806,0.446364
ARM_QcomSnpS4_APQ8064M_LPDDR2533_3GB,1.7,ARM,8,64,1,4,8,64,1,16,16,64,4,2,3,LPDDR2,533,4,1000,796,0.435227
ARM_QcomSnpS4_APQ8064M_LPDDR2533_3GB,1.7,ARM,8,64,1,4,8,64,1,16,16,64,4,2,3,LPDDR2,533,4,2000,1608,0.454949
ARM_QcomSnpS4_APQ8064M_LPDDR2533_3GB,1.7,ARM,8,64,1,4,8,64,1,16,16,64,4,2,3,LPDDR2,533,4,3000,2430,0.462937
ARM_QcomSnpS4_APQ8064M_LPDDR2533_3GB,1.7,ARM,8,64,1,4,8,64,1,16,16,64,4,2,3,LPDDR2,533,4,4000,3266,0.466237
ARM_QcomSnpS4_APQ8064M_LPDDR2533_3GB,1.7,ARM,8,64,1,4,8,64,1,16,16,64,4,2,3,LPDDR2,533,4,5000,4132,0.468531
ARM_QcomSnpS4_APQ8064M_LPDDR2533_3GB,1.7,ARM,8,64,1,4,8,64,1,16,16,64,4,2,3,LPDDR2,533,4,6000,4806,0.446364
ARM_QcomSnpS4_APQ8064M_LPDDR2533_4GB,1.7,ARM,8,64,1,4,8,64,1,16,16,64,4,2,4,LPDDR2,533,4,1000,796,0.435227
ARM_QcomSnpS4_APQ8064M_LPDDR2533_4GB,1.7,ARM,8,64,1,4,8,64,1,16,16,64,4,2,4,LPDDR2,533,4,2000,1608,0.454949
ARM_QcomSnpS4_APQ8064M_LPDDR2533_4GB,1.7,ARM,8,64,1,4,8,64,1,16,16,64,4,2,4,LPDDR2,533,4,3000,2430,0.462937
ARM_QcomSnpS4_APQ8064M_LPDDR2533_4GB,1.7,ARM,8,64,1,4,8,64,1,16,16,64,4,2,4,LPDDR2,533,4,4000,3266,0.466237
ARM_QcomSnpS4_APQ8064M_LPDDR2533_4GB,1.7,ARM,8,64,1,4,8,64,1,16,16,64,4,2,4,LPDDR2,533,4,5000,4132,0.468531
ARM_QcomSnpS4_APQ8064M_LPDDR2533_4GB,1.7,ARM,8,64,1,4,8,64,1,16,16,64,4,2,4,LPDDR2,533,4,6000,4806,0.446364
ARM_QcomSnpS4_APQ8064M_LPDDR2533_6GB,1.7,ARM,8,64,1,4,8,64,1,16,16,64,4,2,6,LPDDR2,533,4,1000,796,0.435227
ARM_QcomSnpS4_APQ8064M_LPDDR2533_6GB,1.7,ARM,8,64,1,4,8,64,1,16,16,64,4,2,6,LPDDR2,533,4,2000,1608,0.454949
ARM_QcomSnpS4_APQ8064M_LPDDR2533_6GB,1.7,ARM,8,64,1,4,8,64,1,16,16,64,4,2,6,LPDDR2,533,4,3000,2430,0.462937
ARM_QcomSnpS4_APQ8064M_LPDDR2533_6GB,1.7,ARM,8,64,1,4,8,64,1,16,16,64,4,2,6,LPDDR2,533,4,4000,3266,0.466237
ARM_QcomSnpS4_APQ8064M_LPDDR2533_6GB,1.7,ARM,8,64,1,4,8,64,1,16,16,64,4,2,6,LPDDR2,533,4,5000,4132,0.468531
ARM_QcomSnpS4_APQ8064M_LPDDR2533_6GB,1.7,ARM,8,64,1,4,8,64,1,16,16,64,4,2,6,LPDDR2,533,4,6000,4806,0.446364
ARM_QcomSnpS4_APQ8064M_LPDDR2533_7GB,1.7,ARM,8,64,1,4,8,64,1,16,16,64,4,2,7,LPDDR2,533,4,1000,796,0.435227
ARM_QcomSnpS4_APQ8064M_LPDDR2533_7GB,1.7,ARM,8,64,1,4,8,64,1,16,16,64,4,2,7,LPDDR2,533,4,2000,1608,0.454949
ARM_QcomSnpS4_APQ8064M_LPDDR2533_7GB,1.7,ARM,8,64,1,4,8,64,1,16,16,64,4,2,7,LPDDR2,533,4,3000,2430,0.462937
ARM_QcomSnpS4_APQ8064M_LPDDR2533_7GB,1.7,ARM,8,64,1,4,8,64,1,16,16,64,4,2,7,LPDDR2,533,4,4000,3266,0.466237
ARM_QcomSnpS4_APQ8064M_LPDDR2533_7GB,1.7,ARM,8,64,1,4,8,64,1,16,16,64,4,2,7,LPDDR2,533,4,5000,4132,0.468531
ARM_QcomSnpS4_APQ8064M_LPDDR2533_7GB,1.7,ARM,8,64,1,4,8,64,1,16,16,64,4,2,7,LPDDR2,533,4,6000,4806,0.446364
ARM_QcomSnpS4_APQ8074AA_LPDDR2800_2GB,2.26,ARM,8,64,1,4,8,64,1,16,16,64,4,2,2,LPDDR2,800,4,1000,635,0.306132
ARM_QcomSnpS4_APQ8074AA_LPDDR2800_2GB,2.26,ARM,8,64,1,4,8,64,1,16,16,64,4,2,2,LPDDR2,800,4,2000,1281,0.321277
ARM_QcomSnpS4_APQ8074AA_LPDDR2800_2GB,2.26,ARM,8,64,1,4,8,64,1,16,16,64,4,2,2,LPDDR2,800,4,3000,1935,0.32736
ARM_QcomSnpS4_APQ8074AA_LPDDR2800_2GB,2.26,ARM,8,64,1,4,8,64,1,16,16,64,4,2,2,LPDDR2,800,4,4000,2599,0.329957
ARM_QcomSnpS4_APQ8074AA_LPDDR2800_2GB,2.26,ARM,8,64,1,4,8,64,1,16,16,64,4,2,2,LPDDR2,800,4,5000,3287,0.331783
ARM_QcomSnpS4_APQ8074AA_LPDDR2800_2GB,2.26,ARM,8,64,1,4,8,64,1,16,16,64,4,2,2,LPDDR2,800,4,6000,3830,0.315555
ARM_QcomSnpS4_APQ8074AA_LPDDR2800_3GB,2.26,ARM,8,64,1,4,8,64,1,16,16,64,4,2,3,LPDDR2,800,4,1000,635,0.306132
ARM_QcomSnpS4_APQ8074AA_LPDDR2800_3GB,2.26,ARM,8,64,1,4,8,64,1,16,16,64,4,2,3,LPDDR2,800,4,2000,1281,0.321277
ARM_QcomSnpS4_APQ8074AA_LPDDR2800_3GB,2.26,ARM,8,64,1,4,8,64,1,16,16,64,4,2,3,LPDDR2,800,4,3000,1935,0.32736
ARM_QcomSnpS4_APQ8074AA_LPDDR2800_3GB,2.26,ARM,8,64,1,4,8,64,1,16,16,64,4,2,3,LPDDR2,800,4,4000,2599,0.329957
ARM_QcomSnpS4_APQ8074AA_LPDDR2800_3GB,2.26,ARM,8,64,1,4,8,64,1,16,16,64,4,2,3,LPDDR2,800,4,5000,3287,0.331783
ARM_QcomSnpS4_APQ8074AA_LPDDR2800_3GB,2.26,ARM,8,64,1,4,8,64,1,16,16,64,4,2,3,LPDDR2,800,4,6000,3830,0.315555
ARM_QcomSnpS4_APQ8074AA_LPDDR2800_4GB,2.26,ARM,8,64,1,4,8,64,1,16,16,64,4,2,4,LPDDR2,800,4,1000,635,0.306132
ARM_QcomSnpS4_APQ8074AA_LPDDR2800_4GB,2.26,ARM,8,64,1,4,8,64,1,16,16,64,4,2,4,LPDDR2,800,4,2000,1281,0.321277
ARM_QcomSnpS4_APQ8074AA_LPDDR2800_4GB,2.26,ARM,8,64,1,4,8,64,1,16,16,64,4,2,4,LPDDR2,800,4,3000,1935,0.32736
ARM_QcomSnpS4_APQ8074AA_LPDDR2800_4GB,2.26,ARM,8,64,1,4,8,64,1,16,16,64,4,2,4,LPDDR2,800,4,4000,2599,0.329957
ARM_QcomSnpS4_APQ8074AA_LPDDR2800_4GB,2.26,ARM,8,64,1,4,8,64,1,16,16,64,4,2,4,LPDDR2,800,4,5000,3287,0.331783
ARM_QcomSnpS4_APQ8074AA_LPDDR2800_4GB,2.26,ARM,8,64,1,4,8,64,1,16,16,64,4,2,4,LPDDR2,800,4,6000,3830,0.315555
ARM_QcomSnpS4_APQ8074AA_LPDDR2800_6GB,2.26,ARM,8,64,1,4,8,64,1,16,16,64,4,2,6,LPDDR2,800,4,1000,635,0.306132
ARM_QcomSnpS4_APQ8074AA_LPDDR2800_6GB,2.26,ARM,8,64,1,4,8,64,1,16,16,64,4,2,6,LPDDR2,800,4,2000,1281,0.321277
ARM_QcomSnpS4_APQ8074AA_LPDDR2800_6GB,2.26,ARM,8,64,1,4,8,64,1,16,16,64,4,2,6,LPDDR2,800,4,3000,1935,0.32736
ARM_QcomSnpS4_APQ8074AA_LPDDR2800_6GB,2.26,ARM,8,64,1,4,8,64,1,16,16,64,4,2,6,LPDDR2,800,4,4000,2599,0.329957
ARM_QcomSnpS4_APQ8074AA_LPDDR2800_6GB,2.26,ARM,8,64,1,4,8,64,1,16,16,64,4,2,6,LPDDR2,800,4,5000,3287,0.331783
ARM_QcomSnpS4_APQ8074AA_LPDDR2800_6GB,2.26,ARM,8,64,1,4,8,64,1,16,16,64,4,2,6,LPDDR2,800,4,6000,3830,0.315555
ARM_QcomSnpS4_APQ8074AA_LPDDR2800_7GB,2.26,ARM,8,64,1,4,8,64,1,16,16,64,4,2,7,LPDDR2,800,4,1000,635,0.306132
ARM_QcomSnpS4_APQ8074AA_LPDDR2800_7GB,2.26,ARM,8,64,1,4,8,64,1,16,16,64,4,2,7,LPDDR2,800,4,2000,1281,0.321277
ARM_QcomSnpS4_APQ8074AA_LPDDR2800_7GB,2.26,ARM,8,64,1,4,8,64,1,16,16,64,4,2,7,LPDDR2,800,4,3000,1935,0.32736
ARM_QcomSnpS4_APQ8074AA_LPDDR2800_7GB,2.26,ARM,8,64,1,4,8,64,1,16,16,64,4,2,7,LPDDR2,800,4,4000,2599,0.329957
ARM_QcomSnpS4_APQ8074AA_LPDDR2800_7GB,2.26,ARM,8,64,1,4,8,64,1,16,16,64,4,2,7,LPDDR2,800,4,5000,3287,0.331783
ARM_QcomSnpS4_APQ8074AA_LPDDR2800_7GB,2.26,ARM,8,64,1,4,8,64,1,16,16,64,4,2,7,LPDDR2,800,4,6000,3830,0.315555
ARM_QcomSnpS4_APQ8074AB_LPDDR2933_2GB,2.36,ARM,8,64,1,4,8,64,1,16,16,64,4,2,2,LPDDR2,933,4,1000,617,0.290527
ARM_QcomSnpS4_APQ8074AB_LPDDR2933_2GB,2.36,ARM,8,64,1,4,8,64,1,16,16,64,4,2,2,LPDDR2,933,4,2000,1243,0.305047
ARM_QcomSnpS4_APQ8074AB_LPDDR2933_2GB,2.36,ARM,8,64,1,4,8,64,1,16,16,64,4,2,2,LPDDR2,933,4,3000,1867,0.312102
ARM_QcomSnpS4_APQ8074AB_LPDDR2933_2GB,2.36,ARM,8,64,1,4,8,64,1,16,16,64,4,2,2,LPDDR2,933,4,4000,2502,0.315252
ARM_QcomSnpS4_APQ8074AB_LPDDR2933_2GB,2.36,ARM,8,64,1,4,8,64,1,16,16,64,4,2,2,LPDDR2,933,4,5000,3159,0.317533
ARM_QcomSnpS4_APQ8074AB_LPDDR2933_2GB,2.36,ARM,8,64,1,4,8,64,1,16,16,64,4,2,2,LPDDR2,933,4,6000,3676,0.302326
ARM_QcomSnpS4_APQ8074AB_LPDDR2933_3GB,2.36,ARM,8,64,1,4,8,64,1,16,16,64,4,2,3,LPDDR2,933,4,1000,617,0.290527
ARM_QcomSnpS4_APQ8074AB_LPDDR2933_3GB,2.36,ARM,8,64,1,4,8,64,1,16,16,64,4,2,3,LPDDR2,933,4,2000,1243,0.305047
ARM_QcomSnpS4_APQ8074AB_LPDDR2933_3GB,2.36,ARM,8,64,1,4,8,64,1,16,16,64,4,2,3,LPDDR2,933,4,3000,1867,0.312102
ARM_QcomSnpS4_APQ8074AB_LPDDR2933_3GB,2.36,ARM,8,64,1,4,8,64,1,16,16,64,4,2,3,LPDDR2,933,4,4000,2502,0.315252
ARM_QcomSnpS4_APQ8074AB_LPDDR2933_3GB,2.36,ARM,8,64,1,4,8,64,1,16,16,64,4,2,3,LPDDR2,933,4,5000,3159,0.317533
ARM_QcomSnpS4_APQ8074AB_LPDDR2933_3GB,2.36,ARM,8,64,1,4,8,64,1,16,16,64,4,2,3,LPDDR2,933,4,6000,3676,0.302326
ARM_QcomSnpS4_APQ8074AB_LPDDR2933_4GB,2.36,ARM,8,64,1,4,8,64,1,16,16,64,4,2,4,LPDDR2,933,4,1000,617,0.290527
ARM_QcomSnpS4_APQ8074AB_LPDDR2933_4GB,2.36,ARM,8,64,1,4,8,64,1,16,16,64,4,2,4,LPDDR2,933,4,2000,1243,0.305047
ARM_QcomSnpS4_APQ8074AB_LPDDR2933_4GB,2.36,ARM,8,64,1,4,8,64,1,16,16,64,4,2,4,LPDDR2,933,4,3000,1867,0.312102
ARM_QcomSnpS4_APQ8074AB_LPDDR2933_4GB,2.36,ARM,8,64,1,4,8,64,1,16,16,64,4,2,4,LPDDR2,933,4,4000,2502,0.315252
ARM_QcomSnpS4_APQ8074AB_LPDDR2933_4GB,2.36,ARM,8,64,1,4,8,64,1,16,16,64,4,2,4,LPDDR2,933,4,5000,3159,0.317533
ARM_QcomSnpS4_APQ8074AB_LPDDR2933_4GB,2.36,ARM,8,64,1,4,8,64,1,16,16,64,4,2,4,LPDDR2,933,4,6000,3676,0.302326
ARM_QcomSnpS4_APQ8074AB_LPDDR2933_6GB,2.36,ARM,8,64,1,4,8,64,1,16,16,64,4,2,6,LPDDR2,933,4,1000,617,0.290527
ARM_QcomSnpS4_APQ8074AB_LPDDR2933_6GB,2.36,ARM,8,64,1,4,8,64,1,16,16,64,4,2,6,LPDDR2,933,4,2000,1243,0.305047
ARM_QcomSnpS4_APQ8074AB_LPDDR2933_6GB,2.36,ARM,8,64,1,4,8,64,1,16,16,64,4,2,6,LPDDR2,933,4,3000,1867,0.312102
ARM_QcomSnpS4_APQ8074AB_LPDDR2933_6GB,2.36,ARM,8,64,1,4,8,64,1,16,16,64,4,2,6,LPDDR2,933,4,4000,2502,0.315252
ARM_QcomSnpS4_APQ8074AB_LPDDR2933_6GB,2.36,ARM,8,64,1,4,8,64,1,16,16,64,4,2,6,LPDDR2,933,4,5000,3159,0.317533
ARM_QcomSnpS4_APQ8074AB_LPDDR2933_6GB,2.36,ARM,8,64,1,4,8,64,1,16,16,64,4,2,6,LPDDR2,933,4,6000,3676,0.302326
ARM_QcomSnpS4_APQ8074AB_LPDDR2933_7GB,2.36,ARM,8,64,1,4,8,64,1,16,16,64,4,2,7,LPDDR2,933,4,1000,617,0.290527
ARM_QcomSnpS4_APQ8074AB_LPDDR2933_7GB,2.36,ARM,8,64,1,4,8,64,1,16,16,64,4,2,7,LPDDR2,933,4,2000,1243,0.305047
ARM_QcomSnpS4_APQ8074AB_LPDDR2933_7GB,2.36,ARM,8,64,1,4,8,64,1,16,16,64,4,2,7,LPDDR2,933,4,3000,1867,0.312102
ARM_QcomSnpS4_APQ8074AB_LPDDR2933_7GB,2.36,ARM,8,64,1,4,8,64,1,16,16,64,4,2,7,LPDDR2,933,4,4000,2502,0.315252
ARM_QcomSnpS4_APQ8074AB_LPDDR2933_7GB,2.36,ARM,8,64,1,4,8,64,1,16,16,64,4,2,7,LPDDR2,933,4,5000,3159,0.317533
ARM_QcomSnpS4_APQ8074AB_LPDDR2933_7GB,2.36,ARM,8,64,1,4,8,64,1,16,16,64,4,2,7,LPDDR2,933,4,6000,3676,0.302326
ARM_QcomSnpS4_APQ8084_LPDDR2800_2GB,2.7,ARM,8,64,1,4,8,64,1,16,16,64,4,2,2,LPDDR2,800,4,1000,558,0.244768
ARM_QcomSnpS4_APQ8084_LPDDR2800_2GB,2.7,ARM,8,64,1,4,8,64,1,16,16,64,4,2,2,LPDDR2,800,4,2000,1120,0.258162
ARM_QcomSnpS4_APQ8084_LPDDR2800_2GB,2.7,ARM,8,64,1,4,8,64,1,16,16,64,4,2,2,LPDDR2,800,4,3000,1687,0.263641
ARM_QcomSnpS4_APQ8084_LPDDR2800_2GB,2.7,ARM,8,64,1,4,8,64,1,16,16,64,4,2,2,LPDDR2,800,4,4000,2265,0.266053
ARM_QcomSnpS4_APQ8084_LPDDR2800_2GB,2.7,ARM,8,64,1,4,8,64,1,16,16,64,4,2,2,LPDDR2,800,4,5000,2861,0.267803
ARM_QcomSnpS4_APQ8084_LPDDR2800_2GB,2.7,ARM,8,64,1,4,8,64,1,16,16,64,4,2,2,LPDDR2,800,4,6000,3340,0.254295
ARM_QcomSnpS4_APQ8084_LPDDR2800_3GB,2.7,ARM,8,64,1,4,8,64,1,16,16,64,4,2,3,LPDDR2,800,4,1000,558,0.244768
ARM_QcomSnpS4_APQ8084_LPDDR2800_3GB,2.7,ARM,8,64,1,4,8,64,1,16,16,64,4,2,3,LPDDR2,800,4,2000,1120,0.258162
ARM_QcomSnpS4_APQ8084_LPDDR2800_3GB,2.7,ARM,8,64,1,4,8,64,1,16,16,64,4,2,3,LPDDR2,800,4,3000,1687,0.263641
ARM_QcomSnpS4_APQ8084_LPDDR2800_3GB,2.7,ARM,8,64,1,4,8,64,1,16,16,64,4,2,3,LPDDR2,800,4,4000,2265,0.266053
ARM_QcomSnpS4_APQ8084_LPDDR2800_3GB,2.7,ARM,8,64,1,4,8,64,1,16,16,64,4,2,3,LPDDR2,800,4,5000,2861,0.267803
ARM_QcomSnpS4_APQ8084_LPDDR2800_3GB,2.7,ARM,8,64,1,4,8,64,1,16,16,64,4,2,3,LPDDR2,800,4,6000,3340,0.254295
ARM_QcomSnpS4_APQ8084_LPDDR2800_4GB,2.7,ARM,8,64,1,4,8,64,1,16,16,64,4,2,4,LPDDR2,800,4,1000,558,0.244768
ARM_QcomSnpS4_APQ8084_LPDDR2800_4GB,2.7,ARM,8,64,1,4,8,64,1,16,16,64,4,2,4,LPDDR2,800,4,2000,1120,0.258162
ARM_QcomSnpS4_APQ8084_LPDDR2800_4GB,2.7,ARM,8,64,1,4,8,64,1,16,16,64,4,2,4,LPDDR2,800,4,3000,1687,0.263641
ARM_QcomSnpS4_APQ8084_LPDDR2800_4GB,2.7,ARM,8,64,1,4,8,64,1,16,16,64,4,2,4,LPDDR2,800,4,4000,2265,0.266053
ARM_QcomSnpS4_APQ8084_LPDDR2800_4GB,2.7,ARM,8,64,1,4,8,64,1,16,16,64,4,2,4,LPDDR2,800,4,5000,2861,0.267803
ARM_QcomSnpS4_APQ8084_LPDDR2800_4GB,2.7,ARM,8,64,1,4,8,64,1,16,16,64,4,2,4,LPDDR2,800,4,6000,3340,0.254295
ARM_QcomSnpS4_APQ8084_LPDDR2800_6GB,2.7,ARM,8,64,1,4,8,64,1,16,16,64,4,2,6,LPDDR2,800,4,1000,558,0.244768
ARM_QcomSnpS4_APQ8084_LPDDR2800_6GB,2.7,ARM,8,64,1,4,8,64,1,16,16,64,4,2,6,LPDDR2,800,4,2000,1120,0.258162
ARM_QcomSnpS4_APQ8084_LPDDR2800_6GB,2.7,ARM,8,64,1,4,8,64,1,16,16,64,4,2,6,LPDDR2,800,4,3000,1687,0.263641
ARM_QcomSnpS4_APQ8084_LPDDR2800_6GB,2.7,ARM,8,64,1,4,8,64,1,16,16,64,4,2,6,LPDDR2,800,4,4000,2265,0.266053
ARM_QcomSnpS4_APQ8084_LPDDR2800_6GB,2.7,ARM,8,64,1,4,8,64,1,16,16,64,4,2,6,LPDDR2,800,4,5000,2861,0.267803
ARM_QcomSnpS4_APQ8084_LPDDR2800_6GB,2.7,ARM,8,64,1,4,8,64,1,16,16,64,4,2,6,LPDDR2,800,4,6000,3340,0.254295
ARM_QcomSnpS4_APQ8084_LPDDR2800_7GB,2.7,ARM,8,64,1,4,8,64,1,16,16,64,4,2,7,LPDDR2,800,4,1000,558,0.244768
ARM_QcomSnpS4_APQ8084_LPDDR2800_7GB,2.7,ARM,8,64,1,4,8,64,1,16,16,64,4,2,7,LPDDR2,800,4,2000,1120,0.258162
ARM_QcomSnpS4_APQ8084_LPDDR2800_7GB,2.7,ARM,8,64,1,4,8,64,1,16,16,64,4,2,7,LPDDR2,800,4,3000,1687,0.263641
ARM_QcomSnpS4_APQ8084_LPDDR2800_7GB,2.7,ARM,8,64,1,4,8,64,1,16,16,64,4,2,7,LPDDR2,800,4,4000,2265,0.266053
ARM_QcomSnpS4_APQ8084_LPDDR2800_7GB,2.7,ARM,8,64,1,4,8,64,1,16,16,64,4,2,7,LPDDR2,800,4,5000,2861,0.267803
ARM_QcomSnpS4_APQ8084_LPDDR2800_7GB,2.7,ARM,8,64,1,4,8,64,1,16,16,64,4,2,7,LPDDR2,800,4,6000,3340,0.254295
ARM_QcomSnpS4_MSM8227_LPDDR2400_2GB,1,ARM,8,64,1,4,8,64,1,16,16,64,2,1,2,LPDDR2,400,2,1000,1247,0.832532
ARM_QcomSnpS4_MSM8227_LPDDR2400_2GB,1,ARM,8,64,1,4,8,64,1,16,16,64,2,1,2,LPDDR2,400,2,2000,2542,0.859853
ARM_QcomSnpS4_MSM8227_LPDDR2400_2GB,1,ARM,8,64,1,4,8,64,1,16,16,64,2,1,2,LPDDR2,400,2,3000,3856,0.870575
ARM_QcomSnpS4_MSM8227_LPDDR2400_2GB,1,ARM,8,64,1,4,8,64,1,16,16,64,2,1,2,LPDDR2,400,2,4000,5192,0.874534
ARM_QcomSnpS4_MSM8227_LPDDR2400_2GB,1,ARM,8,64,1,4,8,64,1,16,16,64,2,1,2,LPDDR2,400,2,5000,6587,0.876432
ARM_QcomSnpS4_MSM8227_LPDDR2400_2GB,1,ARM,8,64,1,4,8,64,1,16,16,64,2,1,2,LPDDR2,400,2,6000,7654,0.836683
ARM_QcomSnpS4_MSM8227_LPDDR2400_3GB,1,ARM,8,64,1,4,8,64,1,16,16,64,2,1,3,LPDDR2,400,2,1000,1247,0.832532
ARM_QcomSnpS4_MSM8227_LPDDR2400_3GB,1,ARM,8,64,1,4,8,64,1,16,16,64,2,1,3,LPDDR2,400,2,2000,2542,0.859853
ARM_QcomSnpS4_MSM8227_LPDDR2400_3GB,1,ARM,8,64,1,4,8,64,1,16,16,64,2,1,3,LPDDR2,400,2,3000,3856,0.870575
ARM_QcomSnpS4_MSM8227_LPDDR2400_3GB,1,ARM,8,64,1,4,8,64,1,16,16,64,2,1,3,LPDDR2,400,2,4000,5192,0.874534
ARM_QcomSnpS4_MSM8227_LPDDR2400_3GB,1,ARM,8,64,1,4,8,64,1,16,16,64,2,1,3,LPDDR2,400,2,5000,6587,0.876432
ARM_QcomSnpS4_MSM8227_LPDDR2400_3GB,1,ARM,8,64,1,4,8,64,1,16,16,64,2,1,3,LPDDR2,400,2,6000,7654,0.836683
ARM_QcomSnpS4_MSM8227_LPDDR2400_4GB,1,ARM,8,64,1,4,8,64,1,16,16,64,2,1,4,LPDDR2,400,2,1000,1247,0.832532
ARM_QcomSnpS4_MSM8227_LPDDR2400_4GB,1,ARM,8,64,1,4,8,64,1,16,16,64,2,1,4,LPDDR2,400,2,2000,2542,0.859853
ARM_QcomSnpS4_MSM8227_LPDDR2400_4GB,1,ARM,8,64,1,4,8,64,1,16,16,64,2,1,4,LPDDR2,400,2,3000,3856,0.870575
ARM_QcomSnpS4_MSM8227_LPDDR2400_4GB,1,ARM,8,64,1,4,8,64,1,16,16,64,2,1,4,LPDDR2,400,2,4000,5192,0.874534
ARM_QcomSnpS4_MSM8227_LPDDR2400_4GB,1,ARM,8,64,1,4,8,64,1,16,16,64,2,1,4,LPDDR2,400,2,5000,6587,0.876432
ARM_QcomSnpS4_MSM8227_LPDDR2400_4GB,1,ARM,8,64,1,4,8,64,1,16,16,64,2,1,4,LPDDR2,400,2,6000,7654,0.836683
ARM_QcomSnpS4_MSM8227_LPDDR2400_6GB,1,ARM,8,64,1,4,8,64,1,16,16,64,2,1,6,LPDDR2,400,2,1000,1247,0.832532
ARM_QcomSnpS4_MSM8227_LPDDR2400_6GB,1,ARM,8,64,1,4,8,64,1,16,16,64,2,1,6,LPDDR2,400,2,2000,2542,0.859853
ARM_QcomSnpS4_MSM8227_LPDDR2400_6GB,1,ARM,8,64,1,4,8,64,1,16,16,64,2,1,6,LPDDR2,400,2,3000,3856,0.870575
ARM_QcomSnpS4_MSM8227_LPDDR2400_6GB,1,ARM,8,64,1,4,8,64,1,16,16,64,2,1,6,LPDDR2,400,2,4000,5192,0.874534
ARM_QcomSnpS4_MSM8227_LPDDR2400_6GB,1,ARM,8,64,1,4,8,64,1,16,16,64,2,1,6,LPDDR2,400,2,5000,6587,0.876432
ARM_QcomSnpS4_MSM8227_LPDDR2400_6GB,1,ARM,8,64,1,4,8,64,1,16,16,64,2,1,6,LPDDR2,400,2,6000,7654,0.836683
ARM_QcomSnpS4_MSM8227_LPDDR2400_7GB,1,ARM,8,64,1,4,8,64,1,16,16,64,2,1,7,LPDDR2,400,2,1000,1247,0.832532
ARM_QcomSnpS4_MSM8227_LPDDR2400_7GB,1,ARM,8,64,1,4,8,64,1,16,16,64,2,1,7,LPDDR2,400,2,2000,2542,0.859853
ARM_QcomSnpS4_MSM8227_LPDDR2400_7GB,1,ARM,8,64,1,4,8,64,1,16,16,64,2,1,7,LPDDR2,400,2,3000,3856,0.870575
ARM_QcomSnpS4_MSM8227_LPDDR2400_7GB,1,ARM,8,64,1,4,8,64,1,16,16,64,2,1,7,LPDDR2,400,2,4000,5192,0.874534
ARM_QcomSnpS4_MSM8227_LPDDR2400_7GB,1,ARM,8,64,1,4,8,64,1,16,16,64,2,1,7,LPDDR2,400,2,5000,6587,0.876432
ARM_QcomSnpS4_MSM8227_LPDDR2400_7GB,1,ARM,8,64,1,4,8,64,1,16,16,64,2,1,7,LPDDR2,400,2,6000,7654,0.836683
ARM_QcomSnpS4_MSM8960T_LPDDR2533_2GB,1.7,ARM,8,64,1,4,8,64,1,16,16,64,2,1,2,LPDDR2,533,2,1000,796,0.434733
ARM_QcomSnpS4_MSM8960T_LPDDR2533_2GB,1.7,ARM,8,64,1,4,8,64,1,16,16,64,2,1,2,LPDDR2,533,2,2000,1608,0.454356
ARM_QcomSnpS4_MSM8960T_LPDDR2533_2GB,1.7,ARM,8,64,1,4,8,64,1,16,16,64,2,1,2,LPDDR2,533,2,3000,2430,0.4623
ARM_QcomSnpS4_MSM8960T_LPDDR2533_2GB,1.7,ARM,8,64,1,4,8,64,1,16,16,64,2,1,2,LPDDR2,533,2,4000,3266,0.465564
ARM_QcomSnpS4_MSM8960T_LPDDR2533_2GB,1.7,ARM,8,64,1,4,8,64,1,16,16,64,2,1,2,LPDDR2,533,2,5000,4132,0.467834
ARM_QcomSnpS4_MSM8960T_LPDDR2533_2GB,1.7,ARM,8,64,1,4,8,64,1,16,16,64,2,1,2,LPDDR2,533,2,6000,4806,0.445635
ARM_QcomSnpS4_MSM8960T_LPDDR2533_3GB,1.7,ARM,8,64,1,4,8,64,1,16,16,64,2,1,3,LPDDR2,533,2,1000,796,0.434733
ARM_QcomSnpS4_MSM8960T_LPDDR2533_3GB,1.7,ARM,8,64,1,4,8,64,1,16,16,64,2,1,3,LPDDR2,533,2,2000,1608,0.454356
ARM_QcomSnpS4_MSM8960T_LPDDR2533_3GB,1.7,ARM,8,64,1,4,8,64,1,16,16,64,2,1,3,LPDDR2,533,2,3000,2430,0.4623
ARM_QcomSnpS4_MSM8960T_LPDDR2533_3GB,1.7,ARM,8,64,1,4,8,64,1,16,16,64,2,1,3,LPDDR2,533,2,4000,3266,0.465564
ARM_QcomSnpS4_MSM8960T_LPDDR2533_3GB,1.7,ARM,8,64,1,4,8,64,1,16,16,64,2,1,3,LPDDR2,533,2,5000,4132,0.467834
ARM_QcomSnpS4_MSM8960T_LPDDR2533_3GB,1.7,ARM,8,64,1,4,8,64,1,16,16,64,2,1,3,LPDDR2,533,2,6000,4806,0.445635
ARM_QcomSnpS4_MSM8960T_LPDDR2533_4GB,1.7,ARM,8,64,1,4,8,64,1,16,16,64,2,1,4,LPDDR2,533,2,1000,796,0.434733
ARM_QcomSnpS4_MSM8960T_LPDDR2533_4GB,1.7,ARM,8,64,1,4,8,64,1,16,16,64,2,1,4,LPDDR2,533,2,2000,1608,0.454356
ARM_QcomSnpS4_MSM8960T_LPDDR2533_4GB,1.7,ARM,8,64,1,4,8,64,1,16,16,64,2,1,4,LPDDR2,533,2,3000,2430,0.4623
ARM_QcomSnpS4_MSM8960T_LPDDR2533_4GB,1.7,ARM,8,64,1,4,8,64,1,16,16,64,2,1,4,LPDDR2,533,2,4000,3266,0.465564
ARM_QcomSnpS4_MSM8960T_LPDDR2533_4GB,1.7,ARM,8,64,1,4,8,64,1,16,16,64,2,1,4,LPDDR2,533,2,5000,4132,0.467834
ARM_QcomSnpS4_MSM8960T_LPDDR2533_4GB,1.7,ARM,8,64,1,4,8,64,1,16,16,64,2,1,4,LPDDR2,533,2,6000,4806,0.445635
ARM_QcomSnpS4_MSM8960T_LPDDR2533_6GB,1.7,ARM,8,64,1,4,8,64,1,16,16,64,2,1,6,LPDDR2,533,2,1000,796,0.434733
ARM_QcomSnpS4_MSM8960T_LPDDR2533_6GB,1.7,ARM,8,64,1,4,8,64,1,16,16,64,2,1,6,LPDDR2,533,2,2000,1608,0.454356
ARM_QcomSnpS4_MSM8960T_LPDDR2533_6GB,1.7,ARM,8,64,1,4,8,64,1,16,16,64,2,1,6,LPDDR2,533,2,3000,2430,0.4623
ARM_QcomSnpS4_MSM8960T_LPDDR2533_6GB,1.7,ARM,8,64,1,4,8,64,1,16,16,64,2,1,6,LPDDR2,533,2,4000,3266,0.465564
ARM_QcomSnpS4_MSM8960T_LPDDR2533_6GB,1.7,ARM,8,64,1,4,8,64,1,16,16,64,2,1,6,LPDDR2,533,2,5000,4132,0.467834
ARM_QcomSnpS4_MSM8960T_LPDDR2533_6GB,1.7,ARM,8,64,1,4,8,64,1,16,16,64,2,1,6,LPDDR2,533,2,6000,4806,0.445635
ARM_QcomSnpS4_MSM8960T_LPDDR2533_7GB,1.7,ARM,8,64,1,4,8,64,1,16,16,64,2,1,7,LPDDR2,533,2,1000,796,0.434733
ARM_QcomSnpS4_MSM8960T_LPDDR2533_7GB,1.7,ARM,8,64,1,4,8,64,1,16,16,64,2,1,7,LPDDR2,533,2,2000,1608,0.454356
ARM_QcomSnpS4_MSM8960T_LPDDR2533_7GB,1.7,ARM,8,64,1,4,8,64,1,16,16,64,2,1,7,LPDDR2,533,2,3000,2430,0.4623
ARM_QcomSnpS4_MSM8960T_LPDDR2533_7GB,1.7,ARM,8,64,1,4,8,64,1,16,16,64,2,1,7,LPDDR2,533,2,4000,3266,0.465564
ARM_QcomSnpS4_MSM8960T_LPDDR2533_7GB,1.7,ARM,8,64,1,4,8,64,1,16,16,64,2,1,7,LPDDR2,533,2,5000,4132,0.467834
ARM_QcomSnpS4_MSM8960T_LPDDR2533_7GB,1.7,ARM,8,64,1,4,8,64,1,16,16,64,2,1,7,LPDDR2,533,2,6000,4806,0.445635
ARM_QcomSnpS4_MSM8992_LPDDR2933_2GB,1.5,ARM,8,64,1,64,8,64,1,128,12,64,6,3,2,LPDDR2,933,6,1000,686,0.621138
ARM_QcomSnpS4_MSM8992_LPDDR2933_2GB,1.5,ARM,8,64,1,64,8,64,1,128,12,64,6,3,2,LPDDR2,933,6,2000,1434,0.633261
ARM_QcomSnpS4_MSM8992_LPDDR2933_2GB,1.5,ARM,8,64,1,64,8,64,1,128,12,64,6,3,2,LPDDR2,933,6,3000,2191,0.639656
ARM_QcomSnpS4_MSM8992_LPDDR2933_2GB,1.5,ARM,8,64,1,64,8,64,1,128,12,64,6,3,2,LPDDR2,933,6,4000,2960,0.641495
ARM_QcomSnpS4_MSM8992_LPDDR2933_2GB,1.5,ARM,8,64,1,64,8,64,1,128,12,64,6,3,2,LPDDR2,933,6,5000,3772,0.640947
ARM_QcomSnpS4_MSM8992_LPDDR2933_2GB,1.5,ARM,8,64,1,64,8,64,1,128,12,64,6,3,2,LPDDR2,933,6,6000,4394,0.613311
ARM_QcomSnpS4_MSM8992_LPDDR2933_3GB,1.5,ARM,8,64,1,64,8,64,1,128,12,64,6,3,3,LPDDR2,933,6,1000,686,0.621138
ARM_QcomSnpS4_MSM8992_LPDDR2933_3GB,1.5,ARM,8,64,1,64,8,64,1,128,12,64,6,3,3,LPDDR2,933,6,2000,1434,0.633261
ARM_QcomSnpS4_MSM8992_LPDDR2933_3GB,1.5,ARM,8,64,1,64,8,64,1,128,12,64,6,3,3,LPDDR2,933,6,3000,2191,0.639656
ARM_QcomSnpS4_MSM8992_LPDDR2933_3GB,1.5,ARM,8,64,1,64,8,64,1,128,12,64,6,3,3,LPDDR2,933,6,4000,2960,0.641495
ARM_QcomSnpS4_MSM8992_LPDDR2933_3GB,1.5,ARM,8,64,1,64,8,64,1,128,12,64,6,3,3,LPDDR2,933,6,5000,3772,0.640947
ARM_QcomSnpS4_MSM8992_LPDDR2933_3GB,1.5,ARM,8,64,1,64,8,64,1,128,12,64,6,3,3,LPDDR2,933,6,6000,4394,0.613311
ARM_QcomSnpS4_MSM8992_LPDDR2933_4GB,1.5,ARM,8,64,1,64,8,64,1,128,12,64,6,3,4,LPDDR2,933,6,1000,686,0.621138
ARM_QcomSnpS4_MSM8992_LPDDR2933_4GB,1.5,ARM,8,64,1,64,8,64,1,128,12,64,6,3,4,LPDDR2,933,6,2000,1434,0.633261
ARM_QcomSnpS4_MSM8992_LPDDR2933_4GB,1.5,ARM,8,64,1,64,8,64,1,128,12,64,6,3,4,LPDDR2,933,6,3000,2191,0.639656
ARM_QcomSnpS4_MSM8992_LPDDR2933_4GB,1.5,ARM,8,64,1,64,8,64,1,128,12,64,6,3,4,LPDDR2,933,6,4000,2960,0.641495
ARM_QcomSnpS4_MSM8992_LPDDR2933_4GB,1.5,ARM,8,64,1,64,8,64,1,128,12,64,6,3,4,LPDDR2,933,6,5000,3772,0.640947
ARM_QcomSnpS4_MSM8992_LPDDR2933_4GB,1.5,ARM,8,64,1,64,8,64,1,128,12,64,6,3,4,LPDDR2,933,6,6000,4394,0.613311
ARM_QcomSnpS4_MSM8992_LPDDR2933_6GB,1.5,ARM,8,64,1,64,8,64,1,128,12,64,6,3,6,LPDDR2,933,6,1000,686,0.621138
ARM_QcomSnpS4_MSM8992_LPDDR2933_6GB,1.5,ARM,8,64,1,64,8,64,1,128,12,64,6,3,6,LPDDR2,933,6,2000,1434,0.633261
ARM_QcomSnpS4_MSM8992_LPDDR2933_6GB,1.5,ARM,8,64,1,64,8,64,1,128,12,64,6,3,6,LPDDR2,933,6,3000,2191,0.639656
ARM_QcomSnpS4_MSM8992_LPDDR2933_6GB,1.5,ARM,8,64,1,64,8,64,1,128,12,64,6,3,6,LPDDR2,933,6,4000,2960,0.641495
ARM_QcomSnpS4_MSM8992_LPDDR2933_6GB,1.5,ARM,8,64,1,64,8,64,1,128,12,64,6,3,6,LPDDR2,933,6,5000,3772,0.640947
ARM_QcomSnpS4_MSM8992_LPDDR2933_6GB,1.5,ARM,8,64,1,64,8,64,1,128,12,64,6,3,6,LPDDR2,933,6,6000,4394,0.613311
ARM_QcomSnpS4_MSM8992_LPDDR2933_7GB,1.5,ARM,8,64,1,64,8,64,1,128,12,64,6,3,7,LPDDR2,933,6,1000,686,0.621138
ARM_QcomSnpS4_MSM8992_LPDDR2933_7GB,1.5,ARM,8,64,1,64,8,64,1,128,12,64,6,3,7,LPDDR2,933,6,2000,1434,0.633261
ARM_QcomSnpS4_MSM8992_LPDDR2933_7GB,1.5,ARM,8,64,1,64,8,64,1,128,12,64,6,3,7,LPDDR2,933,6,3000,2191,0.639656
ARM_QcomSnpS4_MSM8992_LPDDR2933_7GB,1.5,ARM,8,64,1,64,8,64,1,128,12,64,6,3,7,LPDDR2,933,6,4000,2960,0.641495
ARM_QcomSnpS4_MSM8992_LPDDR2933_7GB,1.5,ARM,8,64,1,64,8,64,1,128,12,64,6,3,7,LPDDR2,933,6,5000,3772,0.640947
ARM_QcomSnpS4_MSM8992_LPDDR2933_7GB,1.5,ARM,8,64,1,64,8,64,1,128,12,64,6,3,7,LPDDR2,933,6,6000,4394,0.613311
ARM_QcomSnpS4_MSM8994_LPDDR31600_2GB,1.75,ARM,8,64,1,64,8,64,1,128,12,64,8,3,2,LPDDR3,1600,8,1000,573,0.539863
ARM_QcomSnpS4_MSM8994_LPDDR31600_2GB,1.75,ARM,8,64,1,64,8,64,1,128,12,64,8,3,2,LPDDR3,1600,8,2000,1207,0.546896
ARM_QcomSnpS4_MSM8994_LPDDR31600_2GB,1.75,ARM,8,64,1,64,8,64,1,128,12,64,8,3,2,LPDDR3,1600,8,3000,1845,0.552063
ARM_QcomSnpS4_MSM8994_LPDDR31600_2GB,1.75,ARM,8,64,1,64,8,64,1,128,12,64,8,3,2,LPDDR3,1600,8,4000,2498,0.552601
ARM_QcomSnpS4_MSM8994_LPDDR31600_2GB,1.75,ARM,8,64,1,64,8,64,1,128,12,64,8,3,2,LPDDR3,1600,8,5000,3199,0.549823
ARM_QcomSnpS4_MSM8994_LPDDR31600_2GB,1.75,ARM,8,64,1,64,8,64,1,128,12,64,8,3,2,LPDDR3,1600,8,6000,3717,0.526953
ARM_QcomSnpS4_MSM8994_LPDDR31600_3GB,1.75,ARM,8,64,1,64,8,64,1,128,12,64,8,3,3,LPDDR3,1600,8,1000,573,0.539863
ARM_QcomSnpS4_MSM8994_LPDDR31600_3GB,1.75,ARM,8,64,1,64,8,64,1,128,12,64,8,3,3,LPDDR3,1600,8,2000,1207,0.546896
ARM_QcomSnpS4_MSM8994_LPDDR31600_3GB,1.75,ARM,8,64,1,64,8,64,1,128,12,64,8,3,3,LPDDR3,1600,8,3000,1845,0.552063
ARM_QcomSnpS4_MSM8994_LPDDR31600_3GB,1.75,ARM,8,64,1,64,8,64,1,128,12,64,8,3,3,LPDDR3,1600,8,4000,2498,0.552601
ARM_QcomSnpS4_MSM8994_LPDDR31600_3GB,1.75,ARM,8,64,1,64,8,64,1,128,12,64,8,3,3,LPDDR3,1600,8,5000,3199,0.549823
ARM_QcomSnpS4_MSM8994_LPDDR31600_3GB,1.75,ARM,8,64,1,64,8,64,1,128,12,64,8,3,3,LPDDR3,1600,8,6000,3717,0.526953
ARM_QcomSnpS4_MSM8994_LPDDR31600_4GB,1.75,ARM,8,64,1,64,8,64,1,128,12,64,8,3,4,LPDDR3,1600,8,1000,573,0.539863
ARM_QcomSnpS4_MSM8994_LPDDR31600_4GB,1.75,ARM,8,64,1,64,8,64,1,128,12,64,8,3,4,LPDDR3,1600,8,2000,1207,0.546896
ARM_QcomSnpS4_MSM8994_LPDDR31600_4GB,1.75,ARM,8,64,1,64,8,64,1,128,12,64,8,3,4,LPDDR3,1600,8,3000,1845,0.552063
ARM_QcomSnpS4_MSM8994_LPDDR31600_4GB,1.75,ARM,8,64,1,64,8,64,1,128,12,64,8,3,4,LPDDR3,1600,8,4000,2498,0.552601
ARM_QcomSnpS4_MSM8994_LPDDR31600_4GB,1.75,ARM,8,64,1,64,8,64,1,128,12,64,8,3,4,LPDDR3,1600,8,5000,3199,0.549823
ARM_QcomSnpS4_MSM8994_LPDDR31600_4GB,1.75,ARM,8,64,1,64,8,64,1,128,12,64,8,3,4,LPDDR3,1600,8,6000,3717,0.526953
ARM_QcomSnpS4_MSM8994_LPDDR31600_6GB,1.75,ARM,8,64,1,64,8,64,1,128,12,64,8,3,6,LPDDR3,1600,8,1000,573,0.539863
ARM_QcomSnpS4_MSM8994_LPDDR31600_6GB,1.75,ARM,8,64,1,64,8,64,1,128,12,64,8,3,6,LPDDR3,1600,8,2000,1207,0.546896
ARM_QcomSnpS4_MSM8994_LPDDR31600_6GB,1.75,ARM,8,64,1,64,8,64,1,128,12,64,8,3,6,LPDDR3,1600,8,3000,1845,0.552063
ARM_QcomSnpS4_MSM8994_LPDDR31600_6GB,1.75,ARM,8,64,1,64,8,64,1,128,12,64,8,3,6,LPDDR3,1600,8,4000,2498,0.552601
ARM_QcomSnpS4_MSM8994_LPDDR31600_6GB,1.75,ARM,8,64,1,64,8,64,1,128,12,64,8,3,6,LPDDR3,1600,8,5000,3199,0.549823
ARM_QcomSnpS4_MSM8994_LPDDR31600_6GB,1.75,ARM,8,64,1,64,8,64,1,128,12,64,8,3,6,LPDDR3,1600,8,6000,3717,0.526953
ARM_QcomSnpS4_MSM8994_LPDDR31600_7GB,1.75,ARM,8,64,1,64,8,64,1,128,12,64,8,3,7,LPDDR3,1600,8,1000,573,0.539863
ARM_QcomSnpS4_MSM8994_LPDDR31600_7GB,1.75,ARM,8,64,1,64,8,64,1,128,12,64,8,3,7,LPDDR3,1600,8,2000,1207,0.546896
ARM_QcomSnpS4_MSM8994_LPDDR31600_7GB,1.75,ARM,8,64,1,64,8,64,1,128,12,64,8,3,7,LPDDR3,1600,8,3000,1845,0.552063
ARM_QcomSnpS4_MSM8994_LPDDR31600_7GB,1.75,ARM,8,64,1,64,8,64,1,128,12,64,8,3,7,LPDDR3,1600,8,4000,2498,0.552601
ARM_QcomSnpS4_MSM8994_LPDDR31600_7GB,1.75,ARM,8,64,1,64,8,64,1,128,12,64,8,3,7,LPDDR3,1600,8,5000,3199,0.549823
ARM_QcomSnpS4_MSM8994_LPDDR31600_7GB,1.75,ARM,8,64,1,64,8,64,1,128,12,64,8,3,7,LPDDR3,1600,8,6000,3717,0.526953
ARM_QcomSnpS4_MSM8996_LPDDR31866_2GB,1.75,ARM,8,64,1,4,8,64,1,16,16,64,4,2,2,LPDDR3,1866,4,1000,740,0.439902
ARM_QcomSnpS4_MSM8996_LPDDR31866_2GB,1.75,ARM,8,64,1,4,8,64,1,16,16,64,4,2,2,LPDDR3,1866,4,2000,1507,0.456103
ARM_QcomSnpS4_MSM8996_LPDDR31866_2GB,1.75,ARM,8,64,1,4,8,64,1,16,16,64,4,2,2,LPDDR3,1866,4,3000,2282,0.46309
ARM_QcomSnpS4_MSM8996_LPDDR31866_2GB,1.75,ARM,8,64,1,4,8,64,1,16,16,64,4,2,2,LPDDR3,1866,4,4000,3072,0.465476
ARM_QcomSnpS4_MSM8996_LPDDR31866_2GB,1.75,ARM,8,64,1,4,8,64,1,16,16,64,4,2,2,LPDDR3,1866,4,5000,3893,0.467023
ARM_QcomSnpS4_MSM8996_LPDDR31866_2GB,1.75,ARM,8,64,1,4,8,64,1,16,16,64,4,2,2,LPDDR3,1866,4,6000,4534,0.444282
ARM_QcomSnpS4_MSM8996_LPDDR31866_3GB,1.75,ARM,8,64,1,4,8,64,1,16,16,64,4,2,3,LPDDR3,1866,4,1000,740,0.439902
ARM_QcomSnpS4_MSM8996_LPDDR31866_3GB,1.75,ARM,8,64,1,4,8,64,1,16,16,64,4,2,3,LPDDR3,1866,4,2000,1507,0.456103
ARM_QcomSnpS4_MSM8996_LPDDR31866_3GB,1.75,ARM,8,64,1,4,8,64,1,16,16,64,4,2,3,LPDDR3,1866,4,3000,2282,0.46309
ARM_QcomSnpS4_MSM8996_LPDDR31866_3GB,1.75,ARM,8,64,1,4,8,64,1,16,16,64,4,2,3,LPDDR3,1866,4,4000,3072,0.465476
ARM_QcomSnpS4_MSM8996_LPDDR31866_3GB,1.75,ARM,8,64,1,4,8,64,1,16,16,64,4,2,3,LPDDR3,1866,4,5000,3893,0.467023
ARM_QcomSnpS4_MSM8996_LPDDR31866_3GB,1.75,ARM,8,64,1,4,8,64,1,16,16,64,4,2,3,LPDDR3,1866,4,6000,4534,0.444282
ARM_QcomSnpS4_MSM8996_LPDDR31866_4GB,1.75,ARM,8,64,1,4,8,64,1,16,16,64,4,2,4,LPDDR3,1866,4,1000,740,0.439902
ARM_QcomSnpS4_MSM8996_LPDDR31866_4GB,1.75,ARM,8,64,1,4,8,64,1,16,16,64,4,2,4,LPDDR3,1866,4,2000,1507,0.456103
ARM_QcomSnpS4_MSM8996_LPDDR31866_4GB,1.75,ARM,8,64,1,4,8,64,1,16,16,64,4,2,4,LPDDR3,1866,4,3000,2282,0.46309
ARM_QcomSnpS4_MSM8996_LPDDR31866_4GB,1.75,ARM,8,64,1,4,8,64,1,16,16,64,4,2,4,LPDDR3,1866,4,4000,3072,0.465476
ARM_QcomSnpS4_MSM8996_LPDDR31866_4GB,1.75,ARM,8,64,1,4,8,64,1,16,16,64,4,2,4,LPDDR3,1866,4,5000,3893,0.467023
ARM_QcomSnpS4_MSM8996_LPDDR31866_4GB,1.75,ARM,8,64,1,4,8,64,1,16,16,64,4,2,4,LPDDR3,1866,4,6000,4534,0.444282
ARM_QcomSnpS4_MSM8996_LPDDR31866_6GB,1.75,ARM,8,64,1,4,8,64,1,16,16,64,4,2,6,LPDDR3,1866,4,1000,740,0.439902
ARM_QcomSnpS4_MSM8996_LPDDR31866_6GB,1.75,ARM,8,64,1,4,8,64,1,16,16,64,4,2,6,LPDDR3,1866,4,2000,1507,0.456103
ARM_QcomSnpS4_MSM8996_LPDDR31866_6GB,1.75,ARM,8,64,1,4,8,64,1,16,16,64,4,2,6,LPDDR3,1866,4,3000,2282,0.46309
ARM_QcomSnpS4_MSM8996_LPDDR31866_6GB,1.75,ARM,8,64,1,4,8,64,1,16,16,64,4,2,6,LPDDR3,1866,4,4000,3072,0.465476
ARM_QcomSnpS4_MSM8996_LPDDR31866_6GB,1.75,ARM,8,64,1,4,8,64,1,16,16,64,4,2,6,LPDDR3,1866,4,5000,3893,0.467023
ARM_QcomSnpS4_MSM8996_LPDDR31866_6GB,1.75,ARM,8,64,1,4,8,64,1,16,16,64,4,2,6,LPDDR3,1866,4,6000,4534,0.444282
ARM_QcomSnpS4_MSM8996_LPDDR31866_7GB,1.75,ARM,8,64,1,4,8,64,1,16,16,64,4,2,7,LPDDR3,1866,4,1000,740,0.439902
ARM_QcomSnpS4_MSM8996_LPDDR31866_7GB,1.75,ARM,8,64,1,4,8,64,1,16,16,64,4,2,7,LPDDR3,1866,4,2000,1507,0.456103
ARM_QcomSnpS4_MSM8996_LPDDR31866_7GB,1.75,ARM,8,64,1,4,8,64,1,16,16,64,4,2,7,LPDDR3,1866,4,3000,2282,0.46309
ARM_QcomSnpS4_MSM8996_LPDDR31866_7GB,1.75,ARM,8,64,1,4,8,64,1,16,16,64,4,2,7,LPDDR3,1866,4,4000,3072,0.465476
ARM_QcomSnpS4_MSM8996_LPDDR31866_7GB,1.75,ARM,8,64,1,4,8,64,1,16,16,64,4,2,7,LPDDR3,1866,4,5000,3893,0.467023
ARM_QcomSnpS4_MSM8996_LPDDR31866_7GB,1.75,ARM,8,64,1,4,8,64,1,16,16,64,4,2,7,LPDDR3,1866,4,6000,4534,0.444282
