ps,num-cpus,runtime,power,arch,cpu-clock,isa,l1d_assoc,l1d_cache_lines,l1d_shared_by_threads,l1d_size,l2_assoc,l2_cache_lines,l2_shared_by_threads,l2_size,l3_assoc,l3_cache_lines,l3_shared_by_threads,l3_size,mem-size,mem-type,mem_clock,num-cpu,bus_speed
10000,1,2913.9938,42.71841622,IntelXeonE52620_DDR41866_16GB,2.4,X86_64,8,64,1,32,8,64,1,256,8,64,12,15360,16,DDR4,1866,12,32768
10000,10,4150.9162,75.42645645,IntelXeonE52620_DDR41866_16GB,2.4,X86_64,8,64,1,32,8,64,1,256,8,64,12,15360,16,DDR4,1866,12,32768
10000,11,4796.9393,73.85127846,IntelXeonE52620_DDR41866_16GB,2.4,X86_64,8,64,1,32,8,64,1,256,8,64,12,15360,16,DDR4,1866,12,32768
10000,12,3869.0799,95.20863087,IntelXeonE52620_DDR41866_16GB,2.4,X86_64,8,64,1,32,8,64,1,256,8,64,12,15360,16,DDR4,1866,12,32768
10000,13,4409.5984,89.58076545,IntelXeonE52620_DDR41866_16GB,2.4,X86_64,8,64,1,32,8,64,1,256,8,64,12,15360,16,DDR4,1866,12,32768
10000,14,6017.1787,76.78794715,IntelXeonE52620_DDR41866_16GB,2.4,X86_64,8,64,1,32,8,64,1,256,8,64,12,15360,16,DDR4,1866,12,32768
10000,15,6428.0685,74.74070944,IntelXeonE52620_DDR41866_16GB,2.4,X86_64,8,64,1,32,8,64,1,256,8,64,12,15360,16,DDR4,1866,12,32768
10000,16,5838.2504,79.88776912,IntelXeonE52620_DDR41866_16GB,2.4,X86_64,8,64,1,32,8,64,1,256,8,64,12,15360,16,DDR4,1866,12,32768
10000,17,5665.6326,83.60695679,IntelXeonE52620_DDR41866_16GB,2.4,X86_64,8,64,1,32,8,64,1,256,8,64,12,15360,16,DDR4,1866,12,32768
10000,18,6413.8787,79.52066509,IntelXeonE52620_DDR41866_16GB,2.4,X86_64,8,64,1,32,8,64,1,256,8,64,12,15360,16,DDR4,1866,12,32768
10000,19,6280.0532,80.26785506,IntelXeonE52620_DDR41866_16GB,2.4,X86_64,8,64,1,32,8,64,1,256,8,64,12,15360,16,DDR4,1866,12,32768
10000,2,3915.812,49.7930442,IntelXeonE52620_DDR41866_16GB,2.4,X86_64,8,64,1,32,8,64,1,256,8,64,12,15360,16,DDR4,1866,12,32768
10000,20,6678.6782,77.81241803,IntelXeonE52620_DDR41866_16GB,2.4,X86_64,8,64,1,32,8,64,1,256,8,64,12,15360,16,DDR4,1866,12,32768
10000,21,6981.0933,77.11716158,IntelXeonE52620_DDR41866_16GB,2.4,X86_64,8,64,1,32,8,64,1,256,8,64,12,15360,16,DDR4,1866,12,32768
10000,22,6191.4373,88.39782646,IntelXeonE52620_DDR41866_16GB,2.4,X86_64,8,64,1,32,8,64,1,256,8,64,12,15360,16,DDR4,1866,12,32768
10000,23,6947.5003,80.51636932,IntelXeonE52620_DDR41866_16GB,2.4,X86_64,8,64,1,32,8,64,1,256,8,64,12,15360,16,DDR4,1866,12,32768
10000,24,9938.1045,89.43860472,IntelXeonE52620_DDR41866_16GB,2.4,X86_64,8,64,1,32,8,64,1,256,8,64,12,15360,16,DDR4,1866,12,32768
10000,3,4036.8927,55.33751244,IntelXeonE52620_DDR41866_16GB,2.4,X86_64,8,64,1,32,8,64,1,256,8,64,12,15360,16,DDR4,1866,12,32768
10000,4,3902.9538,59.15924498,IntelXeonE52620_DDR41866_16GB,2.4,X86_64,8,64,1,32,8,64,1,256,8,64,12,15360,16,DDR4,1866,12,32768
10000,5,4130.1498,61.39276111,IntelXeonE52620_DDR41866_16GB,2.4,X86_64,8,64,1,32,8,64,1,256,8,64,12,15360,16,DDR4,1866,12,32768
10000,6,3638.2597,73.61821917,IntelXeonE52620_DDR41866_16GB,2.4,X86_64,8,64,1,32,8,64,1,256,8,64,12,15360,16,DDR4,1866,12,32768
10000,7,4192.2804,67.42347196,IntelXeonE52620_DDR41866_16GB,2.4,X86_64,8,64,1,32,8,64,1,256,8,64,12,15360,16,DDR4,1866,12,32768
10000,8,4385.1716,69.19809022,IntelXeonE52620_DDR41866_16GB,2.4,X86_64,8,64,1,32,8,64,1,256,8,64,12,15360,16,DDR4,1866,12,32768
10000,9,4818.4291,76.20101746,IntelXeonE52620_DDR41866_16GB,2.4,X86_64,8,64,1,32,8,64,1,256,8,64,12,15360,16,DDR4,1866,12,32768
1000,1,379.141,43.75126932,IntelXeonE52620_DDR41866_16GB,2.4,X86_64,8,64,1,32,8,64,1,256,8,64,12,15360,16,DDR4,1866,12,32768
1000,10,1537.2676,50.71660913,IntelXeonE52620_DDR41866_16GB,2.4,X86_64,8,64,1,32,8,64,1,256,8,64,12,15360,16,DDR4,1866,12,32768
1000,11,1560.8742,44.79963856,IntelXeonE52620_DDR41866_16GB,2.4,X86_64,8,64,1,32,8,64,1,256,8,64,12,15360,16,DDR4,1866,12,32768
1000,12,1475.6361,50.75113031,IntelXeonE52620_DDR41866_16GB,2.4,X86_64,8,64,1,32,8,64,1,256,8,64,12,15360,16,DDR4,1866,12,32768
1000,13,2073.3735,45.43923225,IntelXeonE52620_DDR41866_16GB,2.4,X86_64,8,64,1,32,8,64,1,256,8,64,12,15360,16,DDR4,1866,12,32768
1000,14,2030.0786,52.69510254,IntelXeonE52620_DDR41866_16GB,2.4,X86_64,8,64,1,32,8,64,1,256,8,64,12,15360,16,DDR4,1866,12,32768
1000,15,2027.6553,44.58598066,IntelXeonE52620_DDR41866_16GB,2.4,X86_64,8,64,1,32,8,64,1,256,8,64,12,15360,16,DDR4,1866,12,32768
1000,16,2039.4199,51.73985995,IntelXeonE52620_DDR41866_16GB,2.4,X86_64,8,64,1,32,8,64,1,256,8,64,12,15360,16,DDR4,1866,12,32768
1000,17,2633.5717,45.9719779,IntelXeonE52620_DDR41866_16GB,2.4,X86_64,8,64,1,32,8,64,1,256,8,64,12,15360,16,DDR4,1866,12,32768
1000,18,2324.0654,49.44856543,IntelXeonE52620_DDR41866_16GB,2.4,X86_64,8,64,1,32,8,64,1,256,8,64,12,15360,16,DDR4,1866,12,32768
1000,19,2660.7071,48.89880589,IntelXeonE52620_DDR41866_16GB,2.4,X86_64,8,64,1,32,8,64,1,256,8,64,12,15360,16,DDR4,1866,12,32768
1000,2,735.6849,53.84818963,IntelXeonE52620_DDR41866_16GB,2.4,X86_64,8,64,1,32,8,64,1,256,8,64,12,15360,16,DDR4,1866,12,32768
1000,20,2578.8177,51.58774891,IntelXeonE52620_DDR41866_16GB,2.4,X86_64,8,64,1,32,8,64,1,256,8,64,12,15360,16,DDR4,1866,12,32768
1000,21,2456.2109,50.94977797,IntelXeonE52620_DDR41866_16GB,2.4,X86_64,8,64,1,32,8,64,1,256,8,64,12,15360,16,DDR4,1866,12,32768
1000,22,3413.6018,51.58149963,IntelXeonE52620_DDR41866_16GB,2.4,X86_64,8,64,1,32,8,64,1,256,8,64,12,15360,16,DDR4,1866,12,32768
1000,23,3033.3549,46.92085321,IntelXeonE52620_DDR41866_16GB,2.4,X86_64,8,64,1,32,8,64,1,256,8,64,12,15360,16,DDR4,1866,12,32768
1000,24,8427.6714,56.11044588,IntelXeonE52620_DDR41866_16GB,2.4,X86_64,8,64,1,32,8,64,1,256,8,64,12,15360,16,DDR4,1866,12,32768
1000,3,801.5153,42.39881634,IntelXeonE52620_DDR41866_16GB,2.4,X86_64,8,64,1,32,8,64,1,256,8,64,12,15360,16,DDR4,1866,12,32768
1000,4,926.4299,40.11085998,IntelXeonE52620_DDR41866_16GB,2.4,X86_64,8,64,1,32,8,64,1,256,8,64,12,15360,16,DDR4,1866,12,32768
1000,5,918.2688,50.45254723,IntelXeonE52620_DDR41866_16GB,2.4,X86_64,8,64,1,32,8,64,1,256,8,64,12,15360,16,DDR4,1866,12,32768
1000,6,1108.1779,46.76306936,IntelXeonE52620_DDR41866_16GB,2.4,X86_64,8,64,1,32,8,64,1,256,8,64,12,15360,16,DDR4,1866,12,32768
1000,7,1178.2743,53.63818934,IntelXeonE52620_DDR41866_16GB,2.4,X86_64,8,64,1,32,8,64,1,256,8,64,12,15360,16,DDR4,1866,12,32768
1000,8,1263.7753,47.28894448,IntelXeonE52620_DDR41866_16GB,2.4,X86_64,8,64,1,32,8,64,1,256,8,64,12,15360,16,DDR4,1866,12,32768
1000,9,1436.9471,40.91465858,IntelXeonE52620_DDR41866_16GB,2.4,X86_64,8,64,1,32,8,64,1,256,8,64,12,15360,16,DDR4,1866,12,32768
15000,1,3272.795,46.69623365,IntelXeonE52620_DDR41866_16GB,2.4,X86_64,8,64,1,32,8,64,1,256,8,64,12,15360,16,DDR4,1866,12,32768
15000,10,5860.0372,84.17772502,IntelXeonE52620_DDR41866_16GB,2.4,X86_64,8,64,1,32,8,64,1,256,8,64,12,15360,16,DDR4,1866,12,32768
15000,11,6619.0295,80.39952081,IntelXeonE52620_DDR41866_16GB,2.4,X86_64,8,64,1,32,8,64,1,256,8,64,12,15360,16,DDR4,1866,12,32768
15000,12,5846.9475,91.38238371,IntelXeonE52620_DDR41866_16GB,2.4,X86_64,8,64,1,32,8,64,1,256,8,64,12,15360,16,DDR4,1866,12,32768
15000,13,6662.383,97.45209785,IntelXeonE52620_DDR41866_16GB,2.4,X86_64,8,64,1,32,8,64,1,256,8,64,12,15360,16,DDR4,1866,12,32768
15000,14,9133.5824,77.60989817,IntelXeonE52620_DDR41866_16GB,2.4,X86_64,8,64,1,32,8,64,1,256,8,64,12,15360,16,DDR4,1866,12,32768
15000,15,9782.6649,74.78890542,IntelXeonE52620_DDR41866_16GB,2.4,X86_64,8,64,1,32,8,64,1,256,8,64,12,15360,16,DDR4,1866,12,32768
15000,16,8255.8353,82.44530993,IntelXeonE52620_DDR41866_16GB,2.4,X86_64,8,64,1,32,8,64,1,256,8,64,12,15360,16,DDR4,1866,12,32768
15000,17,7928.5685,86.37265353,IntelXeonE52620_DDR41866_16GB,2.4,X86_64,8,64,1,32,8,64,1,256,8,64,12,15360,16,DDR4,1866,12,32768
15000,18,8790.6949,84.38799304,IntelXeonE52620_DDR41866_16GB,2.4,X86_64,8,64,1,32,8,64,1,256,8,64,12,15360,16,DDR4,1866,12,32768
15000,19,8730.6223,85.03612623,IntelXeonE52620_DDR41866_16GB,2.4,X86_64,8,64,1,32,8,64,1,256,8,64,12,15360,16,DDR4,1866,12,32768
15000,2,6191.3093,52.15754606,IntelXeonE52620_DDR41866_16GB,2.4,X86_64,8,64,1,32,8,64,1,256,8,64,12,15360,16,DDR4,1866,12,32768
15000,20,8765.1172,85.07610144,IntelXeonE52620_DDR41866_16GB,2.4,X86_64,8,64,1,32,8,64,1,256,8,64,12,15360,16,DDR4,1866,12,32768
15000,21,8426.3033,89.11548437,IntelXeonE52620_DDR41866_16GB,2.4,X86_64,8,64,1,32,8,64,1,256,8,64,12,15360,16,DDR4,1866,12,32768
15000,22,8309.039,94.35189798,IntelXeonE52620_DDR41866_16GB,2.4,X86_64,8,64,1,32,8,64,1,256,8,64,12,15360,16,DDR4,1866,12,32768
15000,23,10587.9599,82.19496562,IntelXeonE52620_DDR41866_16GB,2.4,X86_64,8,64,1,32,8,64,1,256,8,64,12,15360,16,DDR4,1866,12,32768
15000,24,13622.3192,90.56116524,IntelXeonE52620_DDR41866_16GB,2.4,X86_64,8,64,1,32,8,64,1,256,8,64,12,15360,16,DDR4,1866,12,32768
15000,3,6182.0636,57.72417159,IntelXeonE52620_DDR41866_16GB,2.4,X86_64,8,64,1,32,8,64,1,256,8,64,12,15360,16,DDR4,1866,12,32768
15000,4,5916.9821,59.1004999,IntelXeonE52620_DDR41866_16GB,2.4,X86_64,8,64,1,32,8,64,1,256,8,64,12,15360,16,DDR4,1866,12,32768
15000,5,6288.1272,61.60740514,IntelXeonE52620_DDR41866_16GB,2.4,X86_64,8,64,1,32,8,64,1,256,8,64,12,15360,16,DDR4,1866,12,32768
15000,6,5758.0823,77.73685347,IntelXeonE52620_DDR41866_16GB,2.4,X86_64,8,64,1,32,8,64,1,256,8,64,12,15360,16,DDR4,1866,12,32768
15000,7,6224.6974,73.58574571,IntelXeonE52620_DDR41866_16GB,2.4,X86_64,8,64,1,32,8,64,1,256,8,64,12,15360,16,DDR4,1866,12,32768
15000,8,6878.1986,70.9552789,IntelXeonE52620_DDR41866_16GB,2.4,X86_64,8,64,1,32,8,64,1,256,8,64,12,15360,16,DDR4,1866,12,32768
15000,9,5849.1629,79.05286755,IntelXeonE52620_DDR41866_16GB,2.4,X86_64,8,64,1,32,8,64,1,256,8,64,12,15360,16,DDR4,1866,12,32768
20000,1,6653.8544,44.56794245,IntelXeonE52620_DDR41866_16GB,2.4,X86_64,8,64,1,32,8,64,1,256,8,64,12,15360,16,DDR4,1866,12,32768
20000,10,7533.684,83.13406827,IntelXeonE52620_DDR41866_16GB,2.4,X86_64,8,64,1,32,8,64,1,256,8,64,12,15360,16,DDR4,1866,12,32768
20000,11,7697.4628,89.58212828,IntelXeonE52620_DDR41866_16GB,2.4,X86_64,8,64,1,32,8,64,1,256,8,64,12,15360,16,DDR4,1866,12,32768
20000,12,7542.0808,98.13608732,IntelXeonE52620_DDR41866_16GB,2.4,X86_64,8,64,1,32,8,64,1,256,8,64,12,15360,16,DDR4,1866,12,32768
20000,13,8680.5185,96.66604593,IntelXeonE52620_DDR41866_16GB,2.4,X86_64,8,64,1,32,8,64,1,256,8,64,12,15360,16,DDR4,1866,12,32768
20000,14,10973.6954,79.91372715,IntelXeonE52620_DDR41866_16GB,2.4,X86_64,8,64,1,32,8,64,1,256,8,64,12,15360,16,DDR4,1866,12,32768
20000,15,10836.1877,81.77804081,IntelXeonE52620_DDR41866_16GB,2.4,X86_64,8,64,1,32,8,64,1,256,8,64,12,15360,16,DDR4,1866,12,32768
20000,16,11690.4659,83.09967356,IntelXeonE52620_DDR41866_16GB,2.4,X86_64,8,64,1,32,8,64,1,256,8,64,12,15360,16,DDR4,1866,12,32768
20000,17,11022.0077,86.17125172,IntelXeonE52620_DDR41866_16GB,2.4,X86_64,8,64,1,32,8,64,1,256,8,64,12,15360,16,DDR4,1866,12,32768
20000,18,10659.9726,90.25937834,IntelXeonE52620_DDR41866_16GB,2.4,X86_64,8,64,1,32,8,64,1,256,8,64,12,15360,16,DDR4,1866,12,32768
20000,19,11445.1359,82.47795467,IntelXeonE52620_DDR41866_16GB,2.4,X86_64,8,64,1,32,8,64,1,256,8,64,12,15360,16,DDR4,1866,12,32768
20000,2,9150.893,46.84875017,IntelXeonE52620_DDR41866_16GB,2.4,X86_64,8,64,1,32,8,64,1,256,8,64,12,15360,16,DDR4,1866,12,32768
20000,20,11047.8798,90.07716576,IntelXeonE52620_DDR41866_16GB,2.4,X86_64,8,64,1,32,8,64,1,256,8,64,12,15360,16,DDR4,1866,12,32768
20000,21,11353.6799,93.66786006,IntelXeonE52620_DDR41866_16GB,2.4,X86_64,8,64,1,32,8,64,1,256,8,64,12,15360,16,DDR4,1866,12,32768
20000,22,11133.3838,97.83120025,IntelXeonE52620_DDR41866_16GB,2.4,X86_64,8,64,1,32,8,64,1,256,8,64,12,15360,16,DDR4,1866,12,32768
20000,23,12279.0211,90.36072916,IntelXeonE52620_DDR41866_16GB,2.4,X86_64,8,64,1,32,8,64,1,256,8,64,12,15360,16,DDR4,1866,12,32768
20000,24,15742.7103,93.1107714,IntelXeonE52620_DDR41866_16GB,2.4,X86_64,8,64,1,32,8,64,1,256,8,64,12,15360,16,DDR4,1866,12,32768
20000,3,7742.1311,57.29574897,IntelXeonE52620_DDR41866_16GB,2.4,X86_64,8,64,1,32,8,64,1,256,8,64,12,15360,16,DDR4,1866,12,32768
20000,4,7004.5627,63.02830297,IntelXeonE52620_DDR41866_16GB,2.4,X86_64,8,64,1,32,8,64,1,256,8,64,12,15360,16,DDR4,1866,12,32768
20000,5,7553.1026,63.98422285,IntelXeonE52620_DDR41866_16GB,2.4,X86_64,8,64,1,32,8,64,1,256,8,64,12,15360,16,DDR4,1866,12,32768
20000,6,8162.2531,72.68189221,IntelXeonE52620_DDR41866_16GB,2.4,X86_64,8,64,1,32,8,64,1,256,8,64,12,15360,16,DDR4,1866,12,32768
20000,7,6837.4138,78.22055468,IntelXeonE52620_DDR41866_16GB,2.4,X86_64,8,64,1,32,8,64,1,256,8,64,12,15360,16,DDR4,1866,12,32768
20000,8,7971.0738,75.09472563,IntelXeonE52620_DDR41866_16GB,2.4,X86_64,8,64,1,32,8,64,1,256,8,64,12,15360,16,DDR4,1866,12,32768
20000,9,7218.7032,83.33834808,IntelXeonE52620_DDR41866_16GB,2.4,X86_64,8,64,1,32,8,64,1,256,8,64,12,15360,16,DDR4,1866,12,32768
2000,1,650.2213,47.43169749,IntelXeonE52620_DDR41866_16GB,2.4,X86_64,8,64,1,32,8,64,1,256,8,64,12,15360,16,DDR4,1866,12,32768
2000,10,2004.2649,60.09689637,IntelXeonE52620_DDR41866_16GB,2.4,X86_64,8,64,1,32,8,64,1,256,8,64,12,15360,16,DDR4,1866,12,32768
2000,11,1742.618,56.45683678,IntelXeonE52620_DDR41866_16GB,2.4,X86_64,8,64,1,32,8,64,1,256,8,64,12,15360,16,DDR4,1866,12,32768
2000,12,1851.9936,62.11970711,IntelXeonE52620_DDR41866_16GB,2.4,X86_64,8,64,1,32,8,64,1,256,8,64,12,15360,16,DDR4,1866,12,32768
2000,13,1893.1432,65.72735755,IntelXeonE52620_DDR41866_16GB,2.4,X86_64,8,64,1,32,8,64,1,256,8,64,12,15360,16,DDR4,1866,12,32768
2000,14,2219.1185,56.75154346,IntelXeonE52620_DDR41866_16GB,2.4,X86_64,8,64,1,32,8,64,1,256,8,64,12,15360,16,DDR4,1866,12,32768
2000,15,2406.5243,56.76676525,IntelXeonE52620_DDR41866_16GB,2.4,X86_64,8,64,1,32,8,64,1,256,8,64,12,15360,16,DDR4,1866,12,32768
2000,16,2437.6201,63.20599342,IntelXeonE52620_DDR41866_16GB,2.4,X86_64,8,64,1,32,8,64,1,256,8,64,12,15360,16,DDR4,1866,12,32768
2000,17,2508.9905,65.61722733,IntelXeonE52620_DDR41866_16GB,2.4,X86_64,8,64,1,32,8,64,1,256,8,64,12,15360,16,DDR4,1866,12,32768
2000,18,2585.2913,56.25269385,IntelXeonE52620_DDR41866_16GB,2.4,X86_64,8,64,1,32,8,64,1,256,8,64,12,15360,16,DDR4,1866,12,32768
2000,19,2615.653,63.61073124,IntelXeonE52620_DDR41866_16GB,2.4,X86_64,8,64,1,32,8,64,1,256,8,64,12,15360,16,DDR4,1866,12,32768
2000,2,913.8321,48.80240035,IntelXeonE52620_DDR41866_16GB,2.4,X86_64,8,64,1,32,8,64,1,256,8,64,12,15360,16,DDR4,1866,12,32768
2000,20,3004.047,64.6852729,IntelXeonE52620_DDR41866_16GB,2.4,X86_64,8,64,1,32,8,64,1,256,8,64,12,15360,16,DDR4,1866,12,32768
2000,21,2836.997,60.2498346,IntelXeonE52620_DDR41866_16GB,2.4,X86_64,8,64,1,32,8,64,1,256,8,64,12,15360,16,DDR4,1866,12,32768
2000,22,3110.7302,64.45390217,IntelXeonE52620_DDR41866_16GB,2.4,X86_64,8,64,1,32,8,64,1,256,8,64,12,15360,16,DDR4,1866,12,32768
2000,23,3012.0112,63.67977649,IntelXeonE52620_DDR41866_16GB,2.4,X86_64,8,64,1,32,8,64,1,256,8,64,12,15360,16,DDR4,1866,12,32768
2000,24,7284.2106,71.3281409,IntelXeonE52620_DDR41866_16GB,2.4,X86_64,8,64,1,32,8,64,1,256,8,64,12,15360,16,DDR4,1866,12,32768
2000,3,1147.4901,44.55376129,IntelXeonE52620_DDR41866_16GB,2.4,X86_64,8,64,1,32,8,64,1,256,8,64,12,15360,16,DDR4,1866,12,32768
2000,4,1208.5611,45.06325746,IntelXeonE52620_DDR41866_16GB,2.4,X86_64,8,64,1,32,8,64,1,256,8,64,12,15360,16,DDR4,1866,12,32768
2000,5,1240.1195,46.8279065,IntelXeonE52620_DDR41866_16GB,2.4,X86_64,8,64,1,32,8,64,1,256,8,64,12,15360,16,DDR4,1866,12,32768
2000,6,1489.3868,53.21257044,IntelXeonE52620_DDR41866_16GB,2.4,X86_64,8,64,1,32,8,64,1,256,8,64,12,15360,16,DDR4,1866,12,32768
2000,7,1383.0825,57.17337903,IntelXeonE52620_DDR41866_16GB,2.4,X86_64,8,64,1,32,8,64,1,256,8,64,12,15360,16,DDR4,1866,12,32768
2000,8,1472.9077,50.35712693,IntelXeonE52620_DDR41866_16GB,2.4,X86_64,8,64,1,32,8,64,1,256,8,64,12,15360,16,DDR4,1866,12,32768
2000,9,1688.9792,42.03047616,IntelXeonE52620_DDR41866_16GB,2.4,X86_64,8,64,1,32,8,64,1,256,8,64,12,15360,16,DDR4,1866,12,32768
25000,1,6532.6434,43.43093333,IntelXeonE52620_DDR41866_16GB,2.4,X86_64,8,64,1,32,8,64,1,256,8,64,12,15360,16,DDR4,1866,12,32768
25000,10,9172.8355,86.50340454,IntelXeonE52620_DDR41866_16GB,2.4,X86_64,8,64,1,32,8,64,1,256,8,64,12,15360,16,DDR4,1866,12,32768
25000,11,10151.2775,89.84142144,IntelXeonE52620_DDR41866_16GB,2.4,X86_64,8,64,1,32,8,64,1,256,8,64,12,15360,16,DDR4,1866,12,32768
25000,12,10626.4277,93.15153012,IntelXeonE52620_DDR41866_16GB,2.4,X86_64,8,64,1,32,8,64,1,256,8,64,12,15360,16,DDR4,1866,12,32768
25000,13,11010.7981,95.43510747,IntelXeonE52620_DDR41866_16GB,2.4,X86_64,8,64,1,32,8,64,1,256,8,64,12,15360,16,DDR4,1866,12,32768
25000,14,13121.3759,83.72672259,IntelXeonE52620_DDR41866_16GB,2.4,X86_64,8,64,1,32,8,64,1,256,8,64,12,15360,16,DDR4,1866,12,32768
25000,15,13253.2611,83.4517174,IntelXeonE52620_DDR41866_16GB,2.4,X86_64,8,64,1,32,8,64,1,256,8,64,12,15360,16,DDR4,1866,12,32768
25000,16,12401.6252,91.16744634,IntelXeonE52620_DDR41866_16GB,2.4,X86_64,8,64,1,32,8,64,1,256,8,64,12,15360,16,DDR4,1866,12,32768
25000,17,12718.2836,93.85779855,IntelXeonE52620_DDR41866_16GB,2.4,X86_64,8,64,1,32,8,64,1,256,8,64,12,15360,16,DDR4,1866,12,32768
25000,18,12602.1877,94.17227614,IntelXeonE52620_DDR41866_16GB,2.4,X86_64,8,64,1,32,8,64,1,256,8,64,12,15360,16,DDR4,1866,12,32768
25000,19,13584.9436,88.13922496,IntelXeonE52620_DDR41866_16GB,2.4,X86_64,8,64,1,32,8,64,1,256,8,64,12,15360,16,DDR4,1866,12,32768
25000,2,10171.435,49.72628739,IntelXeonE52620_DDR41866_16GB,2.4,X86_64,8,64,1,32,8,64,1,256,8,64,12,15360,16,DDR4,1866,12,32768
25000,20,12902.6488,95.69600933,IntelXeonE52620_DDR41866_16GB,2.4,X86_64,8,64,1,32,8,64,1,256,8,64,12,15360,16,DDR4,1866,12,32768
25000,21,13117.8327,97.51068864,IntelXeonE52620_DDR41866_16GB,2.4,X86_64,8,64,1,32,8,64,1,256,8,64,12,15360,16,DDR4,1866,12,32768
25000,22,13005.3831,98.26983105,IntelXeonE52620_DDR41866_16GB,2.4,X86_64,8,64,1,32,8,64,1,256,8,64,12,15360,16,DDR4,1866,12,32768
25000,23,13462.676,99.38048721,IntelXeonE52620_DDR41866_16GB,2.4,X86_64,8,64,1,32,8,64,1,256,8,64,12,15360,16,DDR4,1866,12,32768
25000,24,17558.3201,89.94925431,IntelXeonE52620_DDR41866_16GB,2.4,X86_64,8,64,1,32,8,64,1,256,8,64,12,15360,16,DDR4,1866,12,32768
25000,3,10501.5326,56.2746051,IntelXeonE52620_DDR41866_16GB,2.4,X86_64,8,64,1,32,8,64,1,256,8,64,12,15360,16,DDR4,1866,12,32768
25000,4,7587.0121,70.78242303,IntelXeonE52620_DDR41866_16GB,2.4,X86_64,8,64,1,32,8,64,1,256,8,64,12,15360,16,DDR4,1866,12,32768
25000,5,10341.8311,63.10475328,IntelXeonE52620_DDR41866_16GB,2.4,X86_64,8,64,1,32,8,64,1,256,8,64,12,15360,16,DDR4,1866,12,32768
25000,6,11659.9341,67.857236,IntelXeonE52620_DDR41866_16GB,2.4,X86_64,8,64,1,32,8,64,1,256,8,64,12,15360,16,DDR4,1866,12,32768
25000,7,8449.1795,80.46551739,IntelXeonE52620_DDR41866_16GB,2.4,X86_64,8,64,1,32,8,64,1,256,8,64,12,15360,16,DDR4,1866,12,32768
25000,8,11637.0342,74.66703157,IntelXeonE52620_DDR41866_16GB,2.4,X86_64,8,64,1,32,8,64,1,256,8,64,12,15360,16,DDR4,1866,12,32768
25000,9,8514.7565,86.33516414,IntelXeonE52620_DDR41866_16GB,2.4,X86_64,8,64,1,32,8,64,1,256,8,64,12,15360,16,DDR4,1866,12,32768
30000,1,6362.6397,50.64750091,IntelXeonE52620_DDR41866_16GB,2.4,X86_64,8,64,1,32,8,64,1,256,8,64,12,15360,16,DDR4,1866,12,32768
30000,10,11164.8392,89.2010339,IntelXeonE52620_DDR41866_16GB,2.4,X86_64,8,64,1,32,8,64,1,256,8,64,12,15360,16,DDR4,1866,12,32768
30000,11,12151.0794,91.20983935,IntelXeonE52620_DDR41866_16GB,2.4,X86_64,8,64,1,32,8,64,1,256,8,64,12,15360,16,DDR4,1866,12,32768
30000,12,11792.182,97.03250001,IntelXeonE52620_DDR41866_16GB,2.4,X86_64,8,64,1,32,8,64,1,256,8,64,12,15360,16,DDR4,1866,12,32768
30000,13,12759.9891,97.06641521,IntelXeonE52620_DDR41866_16GB,2.4,X86_64,8,64,1,32,8,64,1,256,8,64,12,15360,16,DDR4,1866,12,32768
30000,14,14408.5686,95.32808138,IntelXeonE52620_DDR41866_16GB,2.4,X86_64,8,64,1,32,8,64,1,256,8,64,12,15360,16,DDR4,1866,12,32768
30000,15,14863.806,95.14868534,IntelXeonE52620_DDR41866_16GB,2.4,X86_64,8,64,1,32,8,64,1,256,8,64,12,15360,16,DDR4,1866,12,32768
30000,16,14723.411,97.34657954,IntelXeonE52620_DDR41866_16GB,2.4,X86_64,8,64,1,32,8,64,1,256,8,64,12,15360,16,DDR4,1866,12,32768
30000,17,15060.4492,97.91077812,IntelXeonE52620_DDR41866_16GB,2.4,X86_64,8,64,1,32,8,64,1,256,8,64,12,15360,16,DDR4,1866,12,32768
30000,18,15275.1821,96.7688431,IntelXeonE52620_DDR41866_16GB,2.4,X86_64,8,64,1,32,8,64,1,256,8,64,12,15360,16,DDR4,1866,12,32768
30000,19,15137.2821,98.76315907,IntelXeonE52620_DDR41866_16GB,2.4,X86_64,8,64,1,32,8,64,1,256,8,64,12,15360,16,DDR4,1866,12,32768
30000,2,13399.5689,48.66617015,IntelXeonE52620_DDR41866_16GB,2.4,X86_64,8,64,1,32,8,64,1,256,8,64,12,15360,16,DDR4,1866,12,32768
30000,20,15430.1858,98.2697629,IntelXeonE52620_DDR41866_16GB,2.4,X86_64,8,64,1,32,8,64,1,256,8,64,12,15360,16,DDR4,1866,12,32768
30000,21,15471.4778,99.04285937,IntelXeonE52620_DDR41866_16GB,2.4,X86_64,8,64,1,32,8,64,1,256,8,64,12,15360,16,DDR4,1866,12,32768
30000,22,15415.2695,99.99417785,IntelXeonE52620_DDR41866_16GB,2.4,X86_64,8,64,1,32,8,64,1,256,8,64,12,15360,16,DDR4,1866,12,32768
30000,23,15612.4742,100.8122467,IntelXeonE52620_DDR41866_16GB,2.4,X86_64,8,64,1,32,8,64,1,256,8,64,12,15360,16,DDR4,1866,12,32768
30000,24,22237.0264,76.93592071,IntelXeonE52620_DDR41866_16GB,2.4,X86_64,8,64,1,32,8,64,1,256,8,64,12,15360,16,DDR4,1866,12,32768
30000,3,14785.0426,49.23966198,IntelXeonE52620_DDR41866_16GB,2.4,X86_64,8,64,1,32,8,64,1,256,8,64,12,15360,16,DDR4,1866,12,32768
30000,4,8991.7568,74.92010905,IntelXeonE52620_DDR41866_16GB,2.4,X86_64,8,64,1,32,8,64,1,256,8,64,12,15360,16,DDR4,1866,12,32768
30000,5,12222.6045,63.1512948,IntelXeonE52620_DDR41866_16GB,2.4,X86_64,8,64,1,32,8,64,1,256,8,64,12,15360,16,DDR4,1866,12,32768
30000,6,13087.1723,72.2147442,IntelXeonE52620_DDR41866_16GB,2.4,X86_64,8,64,1,32,8,64,1,256,8,64,12,15360,16,DDR4,1866,12,32768
30000,7,10709.1091,81.55866112,IntelXeonE52620_DDR41866_16GB,2.4,X86_64,8,64,1,32,8,64,1,256,8,64,12,15360,16,DDR4,1866,12,32768
30000,8,12024.9005,76.35028664,IntelXeonE52620_DDR41866_16GB,2.4,X86_64,8,64,1,32,8,64,1,256,8,64,12,15360,16,DDR4,1866,12,32768
30000,9,12250.8748,84.83443158,IntelXeonE52620_DDR41866_16GB,2.4,X86_64,8,64,1,32,8,64,1,256,8,64,12,15360,16,DDR4,1866,12,32768
3000,1,718.683,44.30604314,IntelXeonE52620_DDR41866_16GB,2.4,X86_64,8,64,1,32,8,64,1,256,8,64,12,15360,16,DDR4,1866,12,32768
3000,10,2132.298,62.70830813,IntelXeonE52620_DDR41866_16GB,2.4,X86_64,8,64,1,32,8,64,1,256,8,64,12,15360,16,DDR4,1866,12,32768
3000,11,2072.774,68.83326402,IntelXeonE52620_DDR41866_16GB,2.4,X86_64,8,64,1,32,8,64,1,256,8,64,12,15360,16,DDR4,1866,12,32768
3000,12,1890.55,80.60209992,IntelXeonE52620_DDR41866_16GB,2.4,X86_64,8,64,1,32,8,64,1,256,8,64,12,15360,16,DDR4,1866,12,32768
3000,13,2011.1291,68.34852124,IntelXeonE52620_DDR41866_16GB,2.4,X86_64,8,64,1,32,8,64,1,256,8,64,12,15360,16,DDR4,1866,12,32768
3000,14,2700.919,67.58529227,IntelXeonE52620_DDR41866_16GB,2.4,X86_64,8,64,1,32,8,64,1,256,8,64,12,15360,16,DDR4,1866,12,32768
3000,15,2951.2521,66.49736903,IntelXeonE52620_DDR41866_16GB,2.4,X86_64,8,64,1,32,8,64,1,256,8,64,12,15360,16,DDR4,1866,12,32768
3000,16,3189.4264,68.05875815,IntelXeonE52620_DDR41866_16GB,2.4,X86_64,8,64,1,32,8,64,1,256,8,64,12,15360,16,DDR4,1866,12,32768
3000,17,2888.8466,70.60762589,IntelXeonE52620_DDR41866_16GB,2.4,X86_64,8,64,1,32,8,64,1,256,8,64,12,15360,16,DDR4,1866,12,32768
3000,18,3000.0922,66.31966178,IntelXeonE52620_DDR41866_16GB,2.4,X86_64,8,64,1,32,8,64,1,256,8,64,12,15360,16,DDR4,1866,12,32768
3000,19,3089.5228,71.00132098,IntelXeonE52620_DDR41866_16GB,2.4,X86_64,8,64,1,32,8,64,1,256,8,64,12,15360,16,DDR4,1866,12,32768
3000,2,1292.1657,49.19400043,IntelXeonE52620_DDR41866_16GB,2.4,X86_64,8,64,1,32,8,64,1,256,8,64,12,15360,16,DDR4,1866,12,32768
3000,20,3432.8799,70.02208263,IntelXeonE52620_DDR41866_16GB,2.4,X86_64,8,64,1,32,8,64,1,256,8,64,12,15360,16,DDR4,1866,12,32768
3000,21,3593.6936,67.45427601,IntelXeonE52620_DDR41866_16GB,2.4,X86_64,8,64,1,32,8,64,1,256,8,64,12,15360,16,DDR4,1866,12,32768
3000,22,3419.7849,70.04841152,IntelXeonE52620_DDR41866_16GB,2.4,X86_64,8,64,1,32,8,64,1,256,8,64,12,15360,16,DDR4,1866,12,32768
3000,23,3359.1909,69.87798758,IntelXeonE52620_DDR41866_16GB,2.4,X86_64,8,64,1,32,8,64,1,256,8,64,12,15360,16,DDR4,1866,12,32768
3000,24,7552.9021,77.0206329,IntelXeonE52620_DDR41866_16GB,2.4,X86_64,8,64,1,32,8,64,1,256,8,64,12,15360,16,DDR4,1866,12,32768
3000,3,1480.6836,55.14567731,IntelXeonE52620_DDR41866_16GB,2.4,X86_64,8,64,1,32,8,64,1,256,8,64,12,15360,16,DDR4,1866,12,32768
3000,4,1611.2433,58.09141301,IntelXeonE52620_DDR41866_16GB,2.4,X86_64,8,64,1,32,8,64,1,256,8,64,12,15360,16,DDR4,1866,12,32768
3000,5,1622.9411,50.43411619,IntelXeonE52620_DDR41866_16GB,2.4,X86_64,8,64,1,32,8,64,1,256,8,64,12,15360,16,DDR4,1866,12,32768
3000,6,1872.7984,56.91167827,IntelXeonE52620_DDR41866_16GB,2.4,X86_64,8,64,1,32,8,64,1,256,8,64,12,15360,16,DDR4,1866,12,32768
3000,7,1733.0344,61.50691527,IntelXeonE52620_DDR41866_16GB,2.4,X86_64,8,64,1,32,8,64,1,256,8,64,12,15360,16,DDR4,1866,12,32768
3000,8,1892.3618,63.35569657,IntelXeonE52620_DDR41866_16GB,2.4,X86_64,8,64,1,32,8,64,1,256,8,64,12,15360,16,DDR4,1866,12,32768
3000,9,1938.4857,64.33382511,IntelXeonE52620_DDR41866_16GB,2.4,X86_64,8,64,1,32,8,64,1,256,8,64,12,15360,16,DDR4,1866,12,32768
35000,1,11594.7147,42.63235559,IntelXeonE52620_DDR41866_16GB,2.4,X86_64,8,64,1,32,8,64,1,256,8,64,12,15360,16,DDR4,1866,12,32768
35000,10,12298.5944,93.59781798,IntelXeonE52620_DDR41866_16GB,2.4,X86_64,8,64,1,32,8,64,1,256,8,64,12,15360,16,DDR4,1866,12,32768
35000,11,12300.162,97.10242841,IntelXeonE52620_DDR41866_16GB,2.4,X86_64,8,64,1,32,8,64,1,256,8,64,12,15360,16,DDR4,1866,12,32768
35000,12,12959.1142,97.79396033,IntelXeonE52620_DDR41866_16GB,2.4,X86_64,8,64,1,32,8,64,1,256,8,64,12,15360,16,DDR4,1866,12,32768
35000,13,14596.0072,98.0370577,IntelXeonE52620_DDR41866_16GB,2.4,X86_64,8,64,1,32,8,64,1,256,8,64,12,15360,16,DDR4,1866,12,32768
35000,14,16428.59,96.82730533,IntelXeonE52620_DDR41866_16GB,2.4,X86_64,8,64,1,32,8,64,1,256,8,64,12,15360,16,DDR4,1866,12,32768
35000,15,16969.4353,96.13761867,IntelXeonE52620_DDR41866_16GB,2.4,X86_64,8,64,1,32,8,64,1,256,8,64,12,15360,16,DDR4,1866,12,32768
35000,16,17264.6081,97.46605832,IntelXeonE52620_DDR41866_16GB,2.4,X86_64,8,64,1,32,8,64,1,256,8,64,12,15360,16,DDR4,1866,12,32768
35000,17,17279.917,97.01943592,IntelXeonE52620_DDR41866_16GB,2.4,X86_64,8,64,1,32,8,64,1,256,8,64,12,15360,16,DDR4,1866,12,32768
35000,18,17348.8941,99.52662631,IntelXeonE52620_DDR41866_16GB,2.4,X86_64,8,64,1,32,8,64,1,256,8,64,12,15360,16,DDR4,1866,12,32768
35000,19,17169.661,98.27644821,IntelXeonE52620_DDR41866_16GB,2.4,X86_64,8,64,1,32,8,64,1,256,8,64,12,15360,16,DDR4,1866,12,32768
35000,2,18289.0448,41.92947245,IntelXeonE52620_DDR41866_16GB,2.4,X86_64,8,64,1,32,8,64,1,256,8,64,12,15360,16,DDR4,1866,12,32768
35000,20,17747.5044,99.14742154,IntelXeonE52620_DDR41866_16GB,2.4,X86_64,8,64,1,32,8,64,1,256,8,64,12,15360,16,DDR4,1866,12,32768
35000,21,17538.3697,101.3348065,IntelXeonE52620_DDR41866_16GB,2.4,X86_64,8,64,1,32,8,64,1,256,8,64,12,15360,16,DDR4,1866,12,32768
35000,22,17868.146,101.3969328,IntelXeonE52620_DDR41866_16GB,2.4,X86_64,8,64,1,32,8,64,1,256,8,64,12,15360,16,DDR4,1866,12,32768
35000,23,18867.3689,99.92810391,IntelXeonE52620_DDR41866_16GB,2.4,X86_64,8,64,1,32,8,64,1,256,8,64,12,15360,16,DDR4,1866,12,32768
35000,24,22559.8555,76.04059343,IntelXeonE52620_DDR41866_16GB,2.4,X86_64,8,64,1,32,8,64,1,256,8,64,12,15360,16,DDR4,1866,12,32768
35000,3,14694.2446,54.01048653,IntelXeonE52620_DDR41866_16GB,2.4,X86_64,8,64,1,32,8,64,1,256,8,64,12,15360,16,DDR4,1866,12,32768
35000,4,10465.0949,73.08245241,IntelXeonE52620_DDR41866_16GB,2.4,X86_64,8,64,1,32,8,64,1,256,8,64,12,15360,16,DDR4,1866,12,32768
35000,5,11236.4587,70.89749727,IntelXeonE52620_DDR41866_16GB,2.4,X86_64,8,64,1,32,8,64,1,256,8,64,12,15360,16,DDR4,1866,12,32768
35000,6,13346.8319,76.89886317,IntelXeonE52620_DDR41866_16GB,2.4,X86_64,8,64,1,32,8,64,1,256,8,64,12,15360,16,DDR4,1866,12,32768
35000,7,14520.4844,76.96876834,IntelXeonE52620_DDR41866_16GB,2.4,X86_64,8,64,1,32,8,64,1,256,8,64,12,15360,16,DDR4,1866,12,32768
35000,8,14027.2818,80.96012586,IntelXeonE52620_DDR41866_16GB,2.4,X86_64,8,64,1,32,8,64,1,256,8,64,12,15360,16,DDR4,1866,12,32768
35000,9,11793.2812,89.84695455,IntelXeonE52620_DDR41866_16GB,2.4,X86_64,8,64,1,32,8,64,1,256,8,64,12,15360,16,DDR4,1866,12,32768
40000,1,8659.6077,49.85323989,IntelXeonE52620_DDR41866_16GB,2.4,X86_64,8,64,1,32,8,64,1,256,8,64,12,15360,16,DDR4,1866,12,32768
40000,10,13782.9228,94.60690007,IntelXeonE52620_DDR41866_16GB,2.4,X86_64,8,64,1,32,8,64,1,256,8,64,12,15360,16,DDR4,1866,12,32768
40000,11,13886.2204,96.61200538,IntelXeonE52620_DDR41866_16GB,2.4,X86_64,8,64,1,32,8,64,1,256,8,64,12,15360,16,DDR4,1866,12,32768
40000,12,14236.5106,101.1244427,IntelXeonE52620_DDR41866_16GB,2.4,X86_64,8,64,1,32,8,64,1,256,8,64,12,15360,16,DDR4,1866,12,32768
40000,13,16794.6227,98.22793459,IntelXeonE52620_DDR41866_16GB,2.4,X86_64,8,64,1,32,8,64,1,256,8,64,12,15360,16,DDR4,1866,12,32768
40000,14,18762.8104,95.15039389,IntelXeonE52620_DDR41866_16GB,2.4,X86_64,8,64,1,32,8,64,1,256,8,64,12,15360,16,DDR4,1866,12,32768
40000,15,19639.6076,93.33266414,IntelXeonE52620_DDR41866_16GB,2.4,X86_64,8,64,1,32,8,64,1,256,8,64,12,15360,16,DDR4,1866,12,32768
40000,16,19323.0248,98.16609044,IntelXeonE52620_DDR41866_16GB,2.4,X86_64,8,64,1,32,8,64,1,256,8,64,12,15360,16,DDR4,1866,12,32768
40000,17,19804.3888,91.87298928,IntelXeonE52620_DDR41866_16GB,2.4,X86_64,8,64,1,32,8,64,1,256,8,64,12,15360,16,DDR4,1866,12,32768
40000,18,20044.783,97.87389567,IntelXeonE52620_DDR41866_16GB,2.4,X86_64,8,64,1,32,8,64,1,256,8,64,12,15360,16,DDR4,1866,12,32768
40000,19,20001.9177,98.39586531,IntelXeonE52620_DDR41866_16GB,2.4,X86_64,8,64,1,32,8,64,1,256,8,64,12,15360,16,DDR4,1866,12,32768
40000,2,17125.3509,48.82882721,IntelXeonE52620_DDR41866_16GB,2.4,X86_64,8,64,1,32,8,64,1,256,8,64,12,15360,16,DDR4,1866,12,32768
40000,20,20312.1311,98.51883538,IntelXeonE52620_DDR41866_16GB,2.4,X86_64,8,64,1,32,8,64,1,256,8,64,12,15360,16,DDR4,1866,12,32768
40000,21,19976.7096,101.1749402,IntelXeonE52620_DDR41866_16GB,2.4,X86_64,8,64,1,32,8,64,1,256,8,64,12,15360,16,DDR4,1866,12,32768
40000,22,21393.084,61.25032277,IntelXeonE52620_DDR41866_16GB,2.4,X86_64,8,64,1,32,8,64,1,256,8,64,12,15360,16,DDR4,1866,12,32768
40000,23,21282.6806,96.20592154,IntelXeonE52620_DDR41866_16GB,2.4,X86_64,8,64,1,32,8,64,1,256,8,64,12,15360,16,DDR4,1866,12,32768
40000,24,24619.0567,59.47207961,IntelXeonE52620_DDR41866_16GB,2.4,X86_64,8,64,1,32,8,64,1,256,8,64,12,15360,16,DDR4,1866,12,32768
40000,3,16801.3164,55.17502783,IntelXeonE52620_DDR41866_16GB,2.4,X86_64,8,64,1,32,8,64,1,256,8,64,12,15360,16,DDR4,1866,12,32768
40000,4,11869.5871,74.62657231,IntelXeonE52620_DDR41866_16GB,2.4,X86_64,8,64,1,32,8,64,1,256,8,64,12,15360,16,DDR4,1866,12,32768
40000,5,12255.4993,76.66252325,IntelXeonE52620_DDR41866_16GB,2.4,X86_64,8,64,1,32,8,64,1,256,8,64,12,15360,16,DDR4,1866,12,32768
40000,6,18989.918,63.51708838,IntelXeonE52620_DDR41866_16GB,2.4,X86_64,8,64,1,32,8,64,1,256,8,64,12,15360,16,DDR4,1866,12,32768
40000,7,14357.2853,80.31784393,IntelXeonE52620_DDR41866_16GB,2.4,X86_64,8,64,1,32,8,64,1,256,8,64,12,15360,16,DDR4,1866,12,32768
40000,8,13178.6931,86.20875313,IntelXeonE52620_DDR41866_16GB,2.4,X86_64,8,64,1,32,8,64,1,256,8,64,12,15360,16,DDR4,1866,12,32768
40000,9,13322.7626,91.54566036,IntelXeonE52620_DDR41866_16GB,2.4,X86_64,8,64,1,32,8,64,1,256,8,64,12,15360,16,DDR4,1866,12,32768
4000,1,787.9941,53.12539777,IntelXeonE52620_DDR41866_16GB,2.4,X86_64,8,64,1,32,8,64,1,256,8,64,12,15360,16,DDR4,1866,12,32768
4000,10,2453.2273,63.47626247,IntelXeonE52620_DDR41866_16GB,2.4,X86_64,8,64,1,32,8,64,1,256,8,64,12,15360,16,DDR4,1866,12,32768
4000,11,2547.4212,77.61751374,IntelXeonE52620_DDR41866_16GB,2.4,X86_64,8,64,1,32,8,64,1,256,8,64,12,15360,16,DDR4,1866,12,32768
4000,12,2100.9396,79.88187761,IntelXeonE52620_DDR41866_16GB,2.4,X86_64,8,64,1,32,8,64,1,256,8,64,12,15360,16,DDR4,1866,12,32768
4000,13,2343.4755,81.36504947,IntelXeonE52620_DDR41866_16GB,2.4,X86_64,8,64,1,32,8,64,1,256,8,64,12,15360,16,DDR4,1866,12,32768
4000,14,3119.8658,72.40349889,IntelXeonE52620_DDR41866_16GB,2.4,X86_64,8,64,1,32,8,64,1,256,8,64,12,15360,16,DDR4,1866,12,32768
4000,15,3304.5278,71.81836993,IntelXeonE52620_DDR41866_16GB,2.4,X86_64,8,64,1,32,8,64,1,256,8,64,12,15360,16,DDR4,1866,12,32768
4000,16,3247.8403,73.78355395,IntelXeonE52620_DDR41866_16GB,2.4,X86_64,8,64,1,32,8,64,1,256,8,64,12,15360,16,DDR4,1866,12,32768
4000,17,3447.3409,75.55124589,IntelXeonE52620_DDR41866_16GB,2.4,X86_64,8,64,1,32,8,64,1,256,8,64,12,15360,16,DDR4,1866,12,32768
4000,18,4010.3915,68.58672027,IntelXeonE52620_DDR41866_16GB,2.4,X86_64,8,64,1,32,8,64,1,256,8,64,12,15360,16,DDR4,1866,12,32768
4000,19,3470.7289,76.37024027,IntelXeonE52620_DDR41866_16GB,2.4,X86_64,8,64,1,32,8,64,1,256,8,64,12,15360,16,DDR4,1866,12,32768
4000,2,1807.5782,52.8146998,IntelXeonE52620_DDR41866_16GB,2.4,X86_64,8,64,1,32,8,64,1,256,8,64,12,15360,16,DDR4,1866,12,32768
4000,20,3696.4684,69.37115978,IntelXeonE52620_DDR41866_16GB,2.4,X86_64,8,64,1,32,8,64,1,256,8,64,12,15360,16,DDR4,1866,12,32768
4000,21,3858.6526,69.35122898,IntelXeonE52620_DDR41866_16GB,2.4,X86_64,8,64,1,32,8,64,1,256,8,64,12,15360,16,DDR4,1866,12,32768
4000,22,3770.5312,74.29748891,IntelXeonE52620_DDR41866_16GB,2.4,X86_64,8,64,1,32,8,64,1,256,8,64,12,15360,16,DDR4,1866,12,32768
4000,23,3957.7792,71.04135572,IntelXeonE52620_DDR41866_16GB,2.4,X86_64,8,64,1,32,8,64,1,256,8,64,12,15360,16,DDR4,1866,12,32768
4000,24,8501.0422,77.80366036,IntelXeonE52620_DDR41866_16GB,2.4,X86_64,8,64,1,32,8,64,1,256,8,64,12,15360,16,DDR4,1866,12,32768
4000,3,1854.7156,56.38082734,IntelXeonE52620_DDR41866_16GB,2.4,X86_64,8,64,1,32,8,64,1,256,8,64,12,15360,16,DDR4,1866,12,32768
4000,4,2088.7979,58.11543568,IntelXeonE52620_DDR41866_16GB,2.4,X86_64,8,64,1,32,8,64,1,256,8,64,12,15360,16,DDR4,1866,12,32768
4000,5,1996.9467,56.32558946,IntelXeonE52620_DDR41866_16GB,2.4,X86_64,8,64,1,32,8,64,1,256,8,64,12,15360,16,DDR4,1866,12,32768
4000,6,2220.3895,59.62255721,IntelXeonE52620_DDR41866_16GB,2.4,X86_64,8,64,1,32,8,64,1,256,8,64,12,15360,16,DDR4,1866,12,32768
4000,7,2177.1739,60.81172478,IntelXeonE52620_DDR41866_16GB,2.4,X86_64,8,64,1,32,8,64,1,256,8,64,12,15360,16,DDR4,1866,12,32768
4000,8,2166.5078,61.32666589,IntelXeonE52620_DDR41866_16GB,2.4,X86_64,8,64,1,32,8,64,1,256,8,64,12,15360,16,DDR4,1866,12,32768
4000,9,2393.4887,57.97925848,IntelXeonE52620_DDR41866_16GB,2.4,X86_64,8,64,1,32,8,64,1,256,8,64,12,15360,16,DDR4,1866,12,32768
5000,1,980.0048,50.89281195,IntelXeonE52620_DDR41866_16GB,2.4,X86_64,8,64,1,32,8,64,1,256,8,64,12,15360,16,DDR4,1866,12,32768
5000,10,2747.2981,72.58487894,IntelXeonE52620_DDR41866_16GB,2.4,X86_64,8,64,1,32,8,64,1,256,8,64,12,15360,16,DDR4,1866,12,32768
5000,11,2872.1998,72.11131343,IntelXeonE52620_DDR41866_16GB,2.4,X86_64,8,64,1,32,8,64,1,256,8,64,12,15360,16,DDR4,1866,12,32768
5000,12,2366.7238,83.06613556,IntelXeonE52620_DDR41866_16GB,2.4,X86_64,8,64,1,32,8,64,1,256,8,64,12,15360,16,DDR4,1866,12,32768
5000,13,2635.0771,76.69942561,IntelXeonE52620_DDR41866_16GB,2.4,X86_64,8,64,1,32,8,64,1,256,8,64,12,15360,16,DDR4,1866,12,32768
5000,14,3717.2345,72.98675938,IntelXeonE52620_DDR41866_16GB,2.4,X86_64,8,64,1,32,8,64,1,256,8,64,12,15360,16,DDR4,1866,12,32768
5000,15,4001.4585,73.59031713,IntelXeonE52620_DDR41866_16GB,2.4,X86_64,8,64,1,32,8,64,1,256,8,64,12,15360,16,DDR4,1866,12,32768
5000,16,3756.9486,76.82460708,IntelXeonE52620_DDR41866_16GB,2.4,X86_64,8,64,1,32,8,64,1,256,8,64,12,15360,16,DDR4,1866,12,32768
5000,17,4176.932,74.93734636,IntelXeonE52620_DDR41866_16GB,2.4,X86_64,8,64,1,32,8,64,1,256,8,64,12,15360,16,DDR4,1866,12,32768
5000,18,3915.5855,71.50756892,IntelXeonE52620_DDR41866_16GB,2.4,X86_64,8,64,1,32,8,64,1,256,8,64,12,15360,16,DDR4,1866,12,32768
5000,19,4015.3329,74.99826478,IntelXeonE52620_DDR41866_16GB,2.4,X86_64,8,64,1,32,8,64,1,256,8,64,12,15360,16,DDR4,1866,12,32768
5000,2,2135.6017,47.71479626,IntelXeonE52620_DDR41866_16GB,2.4,X86_64,8,64,1,32,8,64,1,256,8,64,12,15360,16,DDR4,1866,12,32768
5000,20,4268.4469,73.14623031,IntelXeonE52620_DDR41866_16GB,2.4,X86_64,8,64,1,32,8,64,1,256,8,64,12,15360,16,DDR4,1866,12,32768
5000,21,4467.3321,71.25257153,IntelXeonE52620_DDR41866_16GB,2.4,X86_64,8,64,1,32,8,64,1,256,8,64,12,15360,16,DDR4,1866,12,32768
5000,22,4300.2351,73.39789399,IntelXeonE52620_DDR41866_16GB,2.4,X86_64,8,64,1,32,8,64,1,256,8,64,12,15360,16,DDR4,1866,12,32768
5000,23,5339.6831,73.17114006,IntelXeonE52620_DDR41866_16GB,2.4,X86_64,8,64,1,32,8,64,1,256,8,64,12,15360,16,DDR4,1866,12,32768
5000,24,7944.2022,78.24114799,IntelXeonE52620_DDR41866_16GB,2.4,X86_64,8,64,1,32,8,64,1,256,8,64,12,15360,16,DDR4,1866,12,32768
5000,3,2222.3153,56.81970511,IntelXeonE52620_DDR41866_16GB,2.4,X86_64,8,64,1,32,8,64,1,256,8,64,12,15360,16,DDR4,1866,12,32768
5000,4,2403.9701,57.64576689,IntelXeonE52620_DDR41866_16GB,2.4,X86_64,8,64,1,32,8,64,1,256,8,64,12,15360,16,DDR4,1866,12,32768
5000,5,2445.3325,61.34069702,IntelXeonE52620_DDR41866_16GB,2.4,X86_64,8,64,1,32,8,64,1,256,8,64,12,15360,16,DDR4,1866,12,32768
5000,6,2309.373,66.76063157,IntelXeonE52620_DDR41866_16GB,2.4,X86_64,8,64,1,32,8,64,1,256,8,64,12,15360,16,DDR4,1866,12,32768
5000,7,2666.4555,68.26770595,IntelXeonE52620_DDR41866_16GB,2.4,X86_64,8,64,1,32,8,64,1,256,8,64,12,15360,16,DDR4,1866,12,32768
5000,8,2589.8558,59.04772768,IntelXeonE52620_DDR41866_16GB,2.4,X86_64,8,64,1,32,8,64,1,256,8,64,12,15360,16,DDR4,1866,12,32768
5000,9,2672.6863,66.84746354,IntelXeonE52620_DDR41866_16GB,2.4,X86_64,8,64,1,32,8,64,1,256,8,64,12,15360,16,DDR4,1866,12,32768
6000,1,1097.6272,49.82493145,IntelXeonE52620_DDR41866_16GB,2.4,X86_64,8,64,1,32,8,64,1,256,8,64,12,15360,16,DDR4,1866,12,32768
6000,10,3055.5021,74.46203359,IntelXeonE52620_DDR41866_16GB,2.4,X86_64,8,64,1,32,8,64,1,256,8,64,12,15360,16,DDR4,1866,12,32768
6000,11,3261.0221,72.23511303,IntelXeonE52620_DDR41866_16GB,2.4,X86_64,8,64,1,32,8,64,1,256,8,64,12,15360,16,DDR4,1866,12,32768
6000,12,2654.1695,87.53698662,IntelXeonE52620_DDR41866_16GB,2.4,X86_64,8,64,1,32,8,64,1,256,8,64,12,15360,16,DDR4,1866,12,32768
6000,13,2974.2335,84.92322476,IntelXeonE52620_DDR41866_16GB,2.4,X86_64,8,64,1,32,8,64,1,256,8,64,12,15360,16,DDR4,1866,12,32768
6000,14,3979.6048,74.06768129,IntelXeonE52620_DDR41866_16GB,2.4,X86_64,8,64,1,32,8,64,1,256,8,64,12,15360,16,DDR4,1866,12,32768
6000,15,4349.8601,69.96425011,IntelXeonE52620_DDR41866_16GB,2.4,X86_64,8,64,1,32,8,64,1,256,8,64,12,15360,16,DDR4,1866,12,32768
6000,16,4099.2867,75.01326999,IntelXeonE52620_DDR41866_16GB,2.4,X86_64,8,64,1,32,8,64,1,256,8,64,12,15360,16,DDR4,1866,12,32768
6000,17,4558.2319,79.30381954,IntelXeonE52620_DDR41866_16GB,2.4,X86_64,8,64,1,32,8,64,1,256,8,64,12,15360,16,DDR4,1866,12,32768
6000,18,4434.4723,72.18484598,IntelXeonE52620_DDR41866_16GB,2.4,X86_64,8,64,1,32,8,64,1,256,8,64,12,15360,16,DDR4,1866,12,32768
6000,19,4827.3438,77.17691456,IntelXeonE52620_DDR41866_16GB,2.4,X86_64,8,64,1,32,8,64,1,256,8,64,12,15360,16,DDR4,1866,12,32768
6000,2,2435.4731,51.64503767,IntelXeonE52620_DDR41866_16GB,2.4,X86_64,8,64,1,32,8,64,1,256,8,64,12,15360,16,DDR4,1866,12,32768
6000,20,4732.8447,74.67893464,IntelXeonE52620_DDR41866_16GB,2.4,X86_64,8,64,1,32,8,64,1,256,8,64,12,15360,16,DDR4,1866,12,32768
6000,21,4531.2233,75.36110613,IntelXeonE52620_DDR41866_16GB,2.4,X86_64,8,64,1,32,8,64,1,256,8,64,12,15360,16,DDR4,1866,12,32768
6000,22,4654.6874,78.28499933,IntelXeonE52620_DDR41866_16GB,2.4,X86_64,8,64,1,32,8,64,1,256,8,64,12,15360,16,DDR4,1866,12,32768
6000,23,5416.1296,71.98197399,IntelXeonE52620_DDR41866_16GB,2.4,X86_64,8,64,1,32,8,64,1,256,8,64,12,15360,16,DDR4,1866,12,32768
6000,24,8336.3032,83.07224238,IntelXeonE52620_DDR41866_16GB,2.4,X86_64,8,64,1,32,8,64,1,256,8,64,12,15360,16,DDR4,1866,12,32768
6000,3,2508.6783,54.92166931,IntelXeonE52620_DDR41866_16GB,2.4,X86_64,8,64,1,32,8,64,1,256,8,64,12,15360,16,DDR4,1866,12,32768
6000,4,2577.3671,57.41913909,IntelXeonE52620_DDR41866_16GB,2.4,X86_64,8,64,1,32,8,64,1,256,8,64,12,15360,16,DDR4,1866,12,32768
6000,5,2657.9015,62.14139237,IntelXeonE52620_DDR41866_16GB,2.4,X86_64,8,64,1,32,8,64,1,256,8,64,12,15360,16,DDR4,1866,12,32768
6000,6,2518.7886,71.37832051,IntelXeonE52620_DDR41866_16GB,2.4,X86_64,8,64,1,32,8,64,1,256,8,64,12,15360,16,DDR4,1866,12,32768
6000,7,2817.187,65.90581314,IntelXeonE52620_DDR41866_16GB,2.4,X86_64,8,64,1,32,8,64,1,256,8,64,12,15360,16,DDR4,1866,12,32768
6000,8,2869.7277,66.98642523,IntelXeonE52620_DDR41866_16GB,2.4,X86_64,8,64,1,32,8,64,1,256,8,64,12,15360,16,DDR4,1866,12,32768
6000,9,2816.3809,69.40676952,IntelXeonE52620_DDR41866_16GB,2.4,X86_64,8,64,1,32,8,64,1,256,8,64,12,15360,16,DDR4,1866,12,32768
